"Date","Location","ShortName","LongName","Census2019","date_type","Doses_Distributed","Doses_Administered","Dist_Per_100K","Admin_Per_100K","Administered_Moderna","Administered_Pfizer","Administered_Janssen","Administered_Unk_Manuf","Administered_Dose1_Recip","Administered_Dose1_Pop_Pct","Administered_Dose2_Pop_Pct","Administered_Dose1_Recip_18Plus","Administered_Dose1_Recip_18PlusPop_Pct","Administered_18Plus","Admin_Per_100k_18Plus","Distributed_Per_100k_18Plus","Administered_Dose1_Recip_65Plus","Administered_Dose1_Recip_65PlusPop_Pct","Administered_65Plus","Admin_Per_100k_65Plus","Distributed_Per_100k_65Plus","Administered_Dose2_Recip","Administered_Dose2_Recip_18Plus","Administered_Dose2_Recip_18PlusPop_Pct","Distributed_Moderna","Distributed_Pfizer","Distributed_Janssen","Distributed_Unk_Manuf","Series_Complete_Moderna","Series_Complete_Pfizer","Series_Complete_Janssen","Series_Complete_Unk_Manuf","Series_Complete_Moderna_18Plus","Series_Complete_Pfizer_18Plus","Series_Complete_Janssen_18Plus","Series_Complete_Unk_Manuf_18Plus","Series_Complete_Moderna_65Plus","Series_Complete_Pfizer_65Plus","Series_Complete_Janssen_65Plus","Series_Complete_Unk_Manuf_65Plus","Series_Complete_Yes","Series_Complete_Pop_Pct","Series_Complete_18Plus","Series_Complete_18PlusPop_Pct","Series_Complete_65Plus","Series_Complete_65PlusPop_Pct","Administered_65Plus_Entity","Census2019_12PlusPop","Administered_12Plus","Admin_Per_100k_12Plus","Distributed_Per_100k_12Plus","Administered_Dose1_Recip_12Plus","Administered_Dose1_Recip_12PlusPop_Pct","Administered_Dose2_Recip_12Plus","Administered_Dose2_Recip_12PlusPop_Pct","Series_Complete_12Plus","Series_Complete_12PlusPop_Pct","Series_Complete_Moderna_12Plus","Series_Complete_Pfizer_12Plus","Series_Complete_Janssen_12Plus","Series_Complete_Unk_Manuf_12Plus","Administered_12Plus_Entity","Administered_Fed_LTC","Administered_Fed_LTC_Dose1","Administered_Fed_LTC_Dose2","Series_Complete_FedLTC"
"2021-05-16","US","USA","United States",331996199,"Report",344503495,272925411,103767,82207,116798390,146288690,9637126,201205,157132234,47.3,34.2,154029389,59.7,268300923,103940,133461,46220789,84.5,85336122,156016,629841,113449943,111997772,43.4,143498740,180809655,20195100,0,49889927,63506002,9552103,51689,49784165,62111550,9523788,51524,19088106,18930917,1693177,22066,122999721,37,121471028,47.1,39734266,72.6,85336122,280216744,272874121,97380,122942,157086639,56.1,113444190,40.5,122991605,43.9,49886946,63502392,9550602,51664,272874121,,,,
"2021-05-16","AK","AKA","Alaska",731545,"Report",792755,586727,108367,80204,260265,308860,17513,89,320705,43.8,35.6,310959,56.4,570700,103470,143729,72453,79.1,136571,149115,865566,260654,254387,46.1,345300,391755,55700,0,119211,141419,16248,24,118920,135443,16174,24,38620,27198,1853,15,276902,37.9,270561,49.1,67686,73.9,130988,608877,586548,96333,130200,320521,52.6,260651,42.8,276897,45.5,119210,141417,16246,24,562351,,,,
"2021-05-16","AL","ALA","Alabama",4903185,"Report",4373130,2886106,89190,58862,1384953,1411372,89781,0,1699751,34.7,25.7,1685752,44.2,2865032,75102,114634,637401,75,1129020,132851,514585,1259048,1251619,32.8,1953900,2151630,267600,0,609416,649558,91595,74,609264,642281,91555,74,285619,227399,27129,46,1350643,27.5,1343174,35.2,540193,63.6,1085933,4186880,2885822,68925,104448,1699473,40.6,1259036,30.1,1350629,32.3,609410,649552,91593,74,2761992,,,,
"2021-05-16","AR","ARA","Arkansas",3017804,"Report",2720090,1966843,90135,65175,932114,972700,61529,500,1134540,37.6,27.3,1116054,48.2,1939017,83663,117364,392075,74.8,708209,135185,519218,823296,813890,35.1,1206440,1339650,174000,0,407487,415684,60108,125,406961,406806,59820,123,187209,126686,9756,88,883404,29.3,873710,37.7,323739,61.8,674141,2557248,1965394,76856,106368,1133145,44.3,823257,32.2,883259,34.5,407483,415649,60002,125,1892183,,,,
"2021-05-16","AS","ASA","American Samoa",55689,"Report",54030,40525,97021,72770,9382,31121,22,0,22498,40.4,32.6,21702,50,39129,90082,124387,2501,26.4,4640,49012,570719,18153,17556,40.4,15600,37830,600,0,4104,14049,29,0,4093,13463,29,0,892,1330,6,0,18182,32.6,17585,40.5,2228,23.5,4640,47557,40523,85209,113611,22497,47.3,18152,38.2,18181,38.2,4103,14049,29,0,40523,,,,
"2021-05-16","AZ","AZA","Arizona",7278717,"Report",7465065,5598339,102560,76914,2461534,2962162,170885,3758,3177747,43.7,31.3,3116516,55.3,5501049,97563,132395,1061043,81.1,1987487,151875,570448,2275115,2241832,39.8,3119120,3937245,408700,0,1010728,1263151,164489,1236,1010514,1230084,164390,1234,431796,415199,31233,771,2439604,33.5,2406222,42.7,878999,67.2,1859955,6206060,5597966,90202,120287,3177466,51.2,2275080,36.7,2439535,39.3,1010715,1263129,164455,1236,5200682,,,,
"2021-05-16","BP2","BP2","Bureau of Prisons",0,"Report",177850,171037,0,0,67688,98916,4433,0,95945,0,0,95944,0,171036,0,0,3194,0,5987,0,0,74310,74310,0,70300,99450,8100,0,28532,45778,4413,0,28532,45778,4413,0,1352,1406,64,0,78723,0,78723,0,2822,0,5987,0,171036,0,0,95944,0,74310,0,78723,0,28532,45778,4413,0,171036,,,,
"2021-05-16","CA","CAA","California",39512223,"Report",44241580,35114882,111969,88871,15095953,18774574,1240074,4281,20995335,53.1,35.2,20456934,66.8,34326127,112112,144497,5219445,89.4,9234720,158180,757806,13924043,13674775,44.7,18245640,23468640,2527300,0,6181430,7741498,1229845,1115,6170782,7502898,1225208,1095,2111490,1824642,129012,486,15153888,38.4,14899983,48.7,4065630,69.6,8987717,33646265,35105495,104337,131490,20986637,62.4,13923396,41.4,15153003,45,6181073,7741208,1229607,1115,34415282,,,,
"2021-05-16","CO","COA","Colorado",5758736,"Report",6403480,5165684,111196,89702,2279366,2714068,170892,1358,2903235,50.4,38.2,2827853,62.9,5049561,112232,142324,713629,84.7,1356114,160980,760136,2200444,2160028,48,2700400,3382080,321000,0,1004179,1195876,168695,389,1002276,1157368,167997,384,317327,301662,15374,169,2369139,41.1,2328025,51.7,634532,75.3,1314870,4936061,5164621,104630,129729,2902199,58.8,2200422,44.6,2369100,48,1004169,1195864,168678,389,4999167,,,,
"2021-05-16","CT","CTA","Connecticut",3565287,"Report",4238825,3705086,118892,103921,1488132,2076235,140429,290,2104203,59,44.3,2046379,72.1,3619343,127538,149368,580803,92.2,1108758,175925,672569,1579145,1552535,54.7,1715480,2283645,239700,0,656192,922886,140626,67,655889,896580,140509,66,207616,307714,14374,22,1719771,48.2,1693044,59.7,529726,84.1,1079507,3105947,3703649,119244,136474,2103121,67.7,1578838,50.8,1719398,55.4,656001,922770,140560,67,3629433,,,,
"2021-05-16","DC","DCA","District of Columbia",705749,"Report",960675,714049,136121,101176,282583,408164,23211,91,379065,53.7,35.9,375304,65,710041,122934,166327,70545,80.8,157423,180235,1099890,253033,251726,43.6,384800,523575,52300,0,105451,147511,26895,71,105428,146229,26878,69,34293,23250,1835,13,279928,39.7,278604,48.2,59391,68,136060,609754,713991,117095,157551,379030,62.2,253022,41.5,279915,45.9,105448,147503,26893,71,629181,,,,
"2021-05-16","DD2","DD2","Dept of Defense",0,"Report",4190180,3315594,0,0,1449944,1767560,97691,399,1971789,0,0,1951080,0,3284706,0,0,169649,0,295556,0,0,1264997,1255178,0,1725200,2282280,182700,0,549972,715025,94776,0,549917,705261,94751,0,43109,74151,4104,0,1359773,0,1349929,0,121364,0,295556,0,3313057,0,0,1969346,0,1264904,0,1359670,0,549951,714953,94766,0,3313057,,,,
"2021-05-16","DE","DEA","Delaware",973764,"Report",1122975,863273,115323,88653,348722,477079,37198,274,493361,50.7,35.4,484084,62.9,848730,110197,145805,169904,89.9,316710,167655,594462,344992,341164,44.3,472000,589875,61100,0,141231,203631,36634,130,141166,199868,36608,130,59603,78941,7440,81,381626,39.2,377772,49,146065,77.3,301077,839807,863129,102777,133718,493237,58.7,344979,41.1,381607,45.4,141229,203620,36628,130,831711,,,,
"2021-05-16","FL","FLA","Florida",21477737,"Report",22546275,17328800,104975,80683,7413910,9202071,682201,30618,9811034,45.7,32.3,9691939,56.2,17153435,99453,130720,3883399,86.3,7428674,165179,501325,6937767,6883327,39.9,9301420,11690055,1554800,0,3064887,3862927,672717,9953,3064140,3809237,672396,9950,1633491,1477724,147702,7491,7610484,35.4,7555723,43.8,3266408,72.6,7129718,18696028,17321832,92650,120594,9804788,52.4,6937127,37.1,7609695,40.7,3064317,3862857,672568,9953,16666460,,,,
"2021-05-16","FM","FMA","Federated States of Micronesia",103643,"Report",77800,38461,75065,37109,37804,0,657,0,22512,21.7,15.4,22492,27.8,38437,47546,96237,1957,11.1,3442,19536,441569,15947,15943,19.7,67600,0,10200,0,15916,31,659,0,15912,31,659,0,1495,5,112,0,16606,16,16602,20.5,1612,9.1,3442,88509,38454,43446,87901,22506,25.4,15946,18,16605,18.8,15915,31,659,0,38454,,,,
"2021-05-16","GA","GAA","Georgia",10617423,"Report",10223535,7055138,96290,66449,3170047,3711633,172937,521,3973172,37.4,27.6,3908482,48.2,6958663,85766,126006,1181324,77.9,2257745,148834,673952,2926691,2895010,35.7,4335500,5322135,565900,0,1358077,1568311,169791,303,1357763,1536950,169569,297,564628,418092,21942,159,3096482,29.2,3064579,37.8,1004821,66.2,2191861,8988102,7053723,78478,113745,3971844,44.2,2926600,32.6,3096308,34.4,1358042,1568255,169708,303,6770104,,,,
"2021-05-16","GU","GUA","Guam",165768,"Report",173470,145726,104646,87910,57365,86558,1803,0,81918,49.4,38,79476,61.5,141669,109567,134162,14089,50,26446,93843,615557,63020,61406,47.5,63700,98670,11100,0,23169,39851,1808,0,23164,38242,1808,0,5195,7006,148,0,64828,39.1,63214,48.9,12349,43.8,25701,141562,145719,102937,122540,81912,57.9,63019,44.5,64827,45.8,23168,39851,1808,0,134800,,,,
"2021-05-16","HI","HIA","Hawaii",1415872,"Report",1657410,1446496,117059,102163,523218,801357,28161,93760,862508,60.9,41.1,842832,75.5,1422039,127422,148513,258059,96.1,464312,172962,617404,582201,576876,51.7,654860,926250,76300,0,216512,347618,28460,18071,216260,342562,28369,18054,88819,115722,6869,1409,610661,43.1,605245,54.2,212819,79.3,442921,1211109,1445821,119380,136851,861272,71.1,582077,48.1,610511,50.4,216474,347543,28434,18060,1296798,,,,
"2021-05-16","IA","IAA","Iowa",3155070,"Report",3099895,2666483,98251,84514,1194520,1368297,103544,122,1468612,46.5,37.4,1444165,59.5,2628578,108251,127661,478454,86.5,926003,167465,560606,1179413,1166353,48,1331500,1591395,177000,0,558886,620466,101559,61,558795,607497,101506,61,242772,199494,8972,44,1280972,40.6,1267859,52.2,451282,81.6,894213,2676281,2666467,99633,115828,1468582,54.9,1179404,44.1,1280961,47.9,558880,620463,101557,61,2609531,,,,
"2021-05-16","ID","IDA","Idaho",1787065,"Report",1539755,1179378,86161,65995,522343,620765,35646,624,642709,36,28.9,642536,48,1179326,88084,115005,226646,78,434892,149617,529726,516076,516022,38.5,652540,791115,96100,0,233786,282093,35511,197,233777,282049,35499,196,98205,103991,7514,82,551587,30.9,551521,41.2,209792,72.2,412494,1495407,1179359,78865,102966,642695,43,516072,34.5,551576,36.9,233784,282091,35504,197,1133033,,,,
"2021-05-16","IH2","IH2","Indian Health Svc",2082813,"Report",1702335,1318914,81732,63324,735898,561642,21374,0,742033,35.6,27.3,720453,0,1283015,0,0,147069,0,268021,0,0,569186,554948,0,911620,717015,73700,0,318977,250209,21211,0,318785,236163,21177,0,69275,48662,2274,0,590397,28.3,576125,0,120211,0,268021,0,1318520,0,0,741771,0,569084,0,590283,0,318914,250170,21199,0,1318520,,,,
"2021-05-16","IL","ILA","Illinois",12671821,"Report",13306375,10704700,105008,84476,4465656,5877422,355060,6562,6423171,50.7,33.7,6265014,63.6,10489901,106454,135036,1764024,86.3,3123177,152855,651242,4271471,4209457,42.7,5406160,7097415,802800,0,1815158,2454097,355532,2216,1812291,2394961,353986,2205,651354,698230,53723,1294,4627003,36.5,4563443,46.3,1404601,68.7,3030297,10837805,10702265,98749,122777,6420799,59.2,4271410,39.4,4626920,42.7,1815119,2454075,355510,2216,10516498,,,,
"2021-05-16","IN","INA","Indiana",6732219,"Report",5987240,4741671,88934,70433,1955270,2620256,155669,10476,2641183,39.2,30.2,2595537,50.3,4673917,90505,115936,867315,79.9,1689030,155564,551442,2030642,2012542,39,2408040,3178500,400700,0,871497,1155716,153725,3429,871387,1137728,153635,3427,405906,385121,19026,2083,2184367,32.4,2166177,41.9,812136,74.8,1655328,5705039,4741545,83112,104947,2641070,46.3,2030625,35.6,2184338,38.3,871489,1155707,153713,3429,4666313,,,,
"2021-05-16","KS","KSA","Kansas",2913314,"Report",2888985,2210980,99165,75892,1006590,1137627,66187,576,1300849,44.7,34.1,1280097,57.8,2181822,98588,130542,425169,89.4,753289,158425,607584,994778,983009,44.4,1276460,1449825,162700,0,460854,533735,66273,189,460739,522082,66225,188,174415,171621,12196,106,1061051,36.4,1049234,47.4,358338,75.4,719426,2451697,2210874,90177,117836,1300752,53.1,994765,40.6,1061033,43.3,460847,533729,66268,189,2105877,,,,
"2021-05-16","KY","KYA","Kentucky",4467673,"Report",4173955,3431439,93426,76806,1541400,1762276,127399,364,1945062,43.5,33.4,1917263,55.3,3388629,97802,120467,618952,82.5,1122681,149578,556109,1491841,1477124,42.6,1811640,2117115,245200,0,687823,803697,124791,321,687732,789072,124733,320,249176,268980,28605,198,1616632,36.2,1601857,46.2,546959,72.9,1087476,3806167,3430466,90129,109663,1944797,51.1,1491828,39.2,1616605,42.5,687816,803691,124777,321,3348491,,,,
"2021-05-16","LA","LAA","Louisiana",4648794,"Report",3797620,2925419,81690,62929,1375495,1450630,98281,1013,1580654,34,27.5,1566266,44,2901835,81486,106640,561586,75.8,1092829,147476,512484,1277524,1268599,35.6,1644640,1919580,233400,0,614436,662579,94149,509,614285,653807,94074,507,250571,257016,16589,105,1371673,29.5,1362673,38.3,524281,70.8,1046414,3923318,2925298,74562,96796,1580553,40.3,1277512,32.6,1371645,35,614431,662572,94133,509,2815811,,,,
"2021-05-16","MA","MAA","Massachusetts",6892503,"Report",8523650,7294378,123666,105831,3023981,4029707,240561,129,4293266,62.3,43.1,4179610,75.4,7138862,128867,153865,1093316,93.5,1983282,169608,728933,2973840,2931702,52.9,3458160,4645290,420200,0,1245560,1728247,241927,33,1243833,1687838,241158,31,431797,458884,57940,14,3215767,46.7,3172860,57.3,948635,81.1,1922568,6016745,7293211,121215,141665,4292072,71.3,2973826,49.4,3215748,53.4,1245554,1728239,241922,33,7168439,,,,
"2021-05-16","MD","MDA","Maryland",6045680,"Report",7154150,5562579,118335,92009,2298848,3044360,215314,4057,3220987,53.3,38.9,3133009,66.5,5438931,115452,151861,833914,86.9,1529470,159420,745693,2349296,2314959,49.1,2855840,3876210,422100,0,1004650,1343473,208873,1173,1004486,1309305,208774,1168,366835,340004,42955,442,2558169,42.3,2523733,53.6,750236,78.2,1486495,5162887,5562364,107737,138569,3220783,62.4,2349259,45.5,2558114,49.5,1004629,1343457,208855,1173,5368767,,,,
"2021-05-16","ME","MEA","Maine",1344212,"Report",1628280,1349801,121133,100416,588491,673740,87381,189,790376,58.8,42.2,776451,70.9,1330119,121431,148651,263315,92.3,487351,170841,570796,567086,561293,51.2,704880,826800,96600,0,257656,309368,87145,62,257625,303611,87114,57,111767,114194,19502,17,654231,48.7,648407,59.2,245480,86.1,471094,1184936,1349731,113908,137415,790313,66.7,567080,47.9,654209,55.2,257653,309365,87129,62,1304451,,,,
"2021-05-16","MH","MHA","Marshall Islands",58413,"Report",51300,28858,87823,49403,28760,0,98,0,15651,26.8,22.6,15606,34.3,28794,63197,112594,953,9.6,1757,17694,516616,13173,13154,28.9,40500,0,10800,0,13168,5,102,0,13149,5,102,0,804,0,9,0,13275,22.7,13256,29.1,813,8.2,1757,49884,28835,57804,102839,15635,31.3,13166,26.4,13268,26.6,13161,5,102,0,28835,,,,
"2021-05-16","MI","MIA","Michigan",9986857,"Report",10576610,8073206,105905,80838,3415130,4388951,267832,1293,4575076,45.8,35.9,4482425,57.2,7932706,101145,134855,1440428,81.6,2688741,152302,599105,3585384,3536098,45.1,4396780,5560230,619600,0,1548137,2036679,272749,568,1547814,1987718,272618,566,664683,609939,51985,382,3858133,38.6,3808716,48.6,1326989,75.2,2600937,8595002,8073003,93927,123055,4574896,53.2,3585352,41.7,3858091,44.9,1548119,2036665,272739,568,7881085,,,,
"2021-05-16","MN","MNA","Minnesota",5639632,"Report",5776950,4983777,102435,88371,2062335,2702238,218905,299,2876356,51,37.7,2808506,64.8,4884879,112646,133218,820335,89.1,1520176,165168,627669,2125243,2094103,48.3,2369260,3104790,302900,0,917973,1207176,220889,94,917429,1176582,220702,92,319217,395370,40548,27,2346132,41.6,2314805,53.4,755162,82,1445313,4778088,4982786,104284,120905,2875397,60.2,2125225,44.5,2346096,49.1,917966,1207165,220871,94,4827218,,,,
"2021-05-16","MO","MOA","Missouri",6137428,"Report",5674925,4421909,92464,72048,1734618,2551466,135460,365,2452806,40,30.1,2416945,50.7,4365301,91576,119050,823539,77.5,1557770,146678,534343,1846339,1828822,38.4,2315960,3058965,300000,0,756085,1090191,135956,63,755917,1072844,135836,61,329999,364732,27261,28,1982295,32.3,1964658,41.2,722020,68,1474764,5235715,4421646,84452,108389,2452564,46.8,1846324,35.3,1982269,37.9,756077,1090184,135945,63,4260419,,,,
"2021-05-16","MP","MPA","Northern Mariana Islands",56882,"Report",72330,44896,127158,78928,6200,38566,130,0,24108,42.4,36.6,23407,52.8,43808,98738,163023,2543,26.3,4879,50455,747983,20792,20405,46,20200,49530,2600,0,2690,18102,134,0,2690,17715,134,0,372,1962,45,0,20926,36.8,20539,46.3,2379,24.6,4879,48576,44896,92424,148901,24108,49.6,20792,42.8,20926,43.1,2690,18102,134,0,44896,,,,
"2021-05-16","MS","MSA","Mississippi",2976149,"Report",2529915,1688182,85006,56724,805941,833562,47811,868,966159,32.5,24.2,959311,42.1,1677627,73659,111080,358462,73.7,649946,133543,519817,720812,717020,31.5,1126040,1245075,158800,0,356570,364215,46833,27,356472,360521,46794,27,164330,132333,12687,10,767645,25.8,763814,33.5,309360,63.6,624778,2521425,1688115,66951,100337,966099,38.3,720802,28.6,767628,30.4,356566,364209,46826,27,1614097,,,,
"2021-05-16","MT","MTA","Montana",1068778,"Report",1049245,825322,98172,77221,386693,411322,27068,239,459976,43,33.8,452984,53.9,814010,96884,124882,164327,79.6,306222,148337,508264,361582,357338,42.5,466660,515385,67200,0,175082,186427,26477,73,175015,182250,26462,73,72278,70429,6145,42,388059,36.3,383800,45.7,148894,72.1,283587,917598,825239,89935,114347,459915,50.1,361568,39.4,388042,42.3,175069,186426,26474,73,764002,,,,
"2021-05-16","NC","NCA","North Carolina",10488084,"Report",10876760,7736850,103706,73768,3198072,4282172,256277,329,4330478,41.3,31.7,4248701,51.9,7608264,92927,132848,1368539,78.2,2614431,149303,621141,3319894,3274045,40,4455340,5818020,603400,0,1393066,1926793,253204,35,1391336,1882674,252298,35,575992,621463,27778,25,3573098,34.1,3526343,43.1,1225258,70,2513125,8985519,7734310,86075,121048,4328518,48.2,3319311,36.9,3572499,39.8,1392984,1926292,253188,35,7366696,,,,
"2021-05-16","ND","NDA","North Dakota",762062,"Report",664790,592919,87236,77805,259563,309683,23673,0,309724,40.6,32.5,305281,52.5,584766,100494,114246,98192,81.9,190057,158586,554708,247404,244502,42,301300,327990,35500,0,113385,134018,20951,1,113264,131237,20876,1,42926,40732,3023,0,268355,35.2,265378,45.6,86681,72.3,175812,637246,592828,93030,104322,309647,48.6,247398,38.8,268347,42.1,113381,134016,20949,1,548442,,,,
"2021-05-16","NE","NEA","Nebraska",1934408,"Report",1912970,1585004,98892,81937,652483,872973,56764,2784,880010,45.5,36.1,865531,59.4,1562232,107124,131175,266513,85.3,515797,165077,612233,699083,690663,47.4,785140,1024530,103300,0,294529,403737,57151,817,294456,395393,57117,814,119072,122100,4294,579,756234,39.1,747780,51.3,246045,78.7,479577,1617408,1584791,97983,118274,879834,54.4,699057,43.2,756195,46.8,294515,403725,57138,817,1502974,,,,
"2021-05-16","NH","NHA","New Hampshire",1359711,"Report",1524445,1211530,112115,89102,505509,650322,55659,40,813340,59.8,31.4,800857,72.5,1196728,108354,138027,246277,97,421341,165971,600497,426458,424932,38.5,631500,782145,110800,0,196581,229861,56418,16,196440,228476,56394,16,86826,99362,12375,11,482876,35.5,481326,43.6,198574,78.2,410385,1198569,1211040,101040,127189,812989,67.8,426330,35.6,482742,40.3,196496,229818,56412,16,1188433,,,,
"2021-05-16","NJ","NJA","New Jersey",8882190,"Report",10138285,8358727,114142,94107,3562035,4474957,321260,475,4985485,56.1,40.5,4879654,70.3,8206103,118182,146009,1303749,88.4,2318116,157103,687092,3598456,3550325,51.1,4154920,5410665,572700,0,1537964,2060460,323667,32,1537743,2012553,323532,29,530788,530368,72263,15,3922123,44.2,3873857,55.8,1133434,76.8,2286961,7618375,8358224,109711,133077,4984987,65.4,3598432,47.2,3922060,51.5,1537952,2060448,323628,32,8285979,,,,
"2021-05-16","NM","NMA","New Mexico",2096829,"Report",2169015,2007997,103443,95764,897855,1052088,55451,2603,1138906,54.3,41.6,1112063,68.6,1967785,121394,133808,335993,89,610512,161680,574412,872998,857601,52.9,944700,1091415,132900,0,384960,487289,54401,749,384730,472123,54310,748,133560,144641,14185,437,927399,44.2,911911,56.3,292823,77.5,545225,1787431,2007874,112333,121348,1138801,63.7,872974,48.8,927368,51.9,384947,487278,54394,749,1752575,,,,
"2021-05-16","NV","NVA","Nevada",3080156,"Report",2727720,2333621,88558,75763,970452,1274332,88837,0,1311047,42.6,31,1290810,54.1,2301734,96407,114249,389252,78.5,730718,147330,549975,953735,943838,39.5,1127500,1434420,165800,0,416779,536951,87223,5,416722,527111,87196,5,162539,159644,16959,4,1040958,33.8,1031034,43.2,339146,68.4,684989,2621802,2333589,89007,104040,1311022,50,953730,36.4,1040951,39.7,416776,536949,87221,5,2238525,,,,
"2021-05-16","NY","NYA","New York State",19453561,"Report",21214365,17928006,109051,92158,7543395,9685352,695754,3505,10067820,51.8,39,9877394,64,17643591,114381,137530,2686381,81.5,4964178,150606,643611,7591628,7497261,48.6,8902400,11143665,1168300,0,3298978,4291941,680802,709,3298339,4198231,680448,691,1146213,1094428,133994,386,8272430,42.5,8177709,53,2375021,72.1,4819900,16773220,17926931,106878,126478,10066929,60,7591415,45.3,8272139,49.3,3298874,4291846,680724,695,17625463,,,,
"2021-05-16","OH","OHA","Ohio",11689100,"Report",11344535,9291793,97052,79491,3955520,4978814,348218,9241,5027138,43,34.8,4937563,54.2,9144905,100371,124514,1652507,80.8,3181273,155463,554387,4070642,4015775,44.1,4715600,6012435,616500,0,1778287,2289589,335536,2766,1778076,2234942,335421,2757,704429,767867,66516,1577,4406178,37.7,4351196,47.8,1540389,75.3,3063900,10000702,9291646,92910,113437,5026991,50.3,4070622,40.7,4406146,44.1,1778278,2289578,335524,2766,9068102,,,,
"2021-05-16","OK","OKA","Oklahoma",3956971,"Report",3860065,2850488,97551,72037,1334609,1437465,78375,39,1586955,40.1,30.4,1564009,52.1,2813211,93626,128466,514340,81,948802,149387,607758,1203846,1190217,39.6,1675200,1970865,214000,0,579065,624759,77227,22,578915,611280,77186,22,231473,192917,13932,6,1281073,32.4,1267403,42.2,438328,69,842286,3325223,2850338,85719,116084,1586835,47.7,1203825,36.2,1281044,38.5,579053,624750,77219,22,2441856,,,,
"2021-05-16","OR","ORA","Oregon",4217737,"Report",4539165,3635946,107621,86206,1527395,1983712,122886,1953,2129818,50.5,36.1,2080454,62.1,3569933,106528,135450,633358,82.7,1167747,152431,592518,1520841,1503768,44.9,1926840,2335125,277200,0,662431,858067,122201,343,661390,842040,121798,338,263663,277212,37014,177,1643042,39,1625566,48.5,578066,75.5,1112822,3647769,3635336,99659,124437,2129214,58.4,1520832,41.7,1643032,45,662429,858060,122200,343,3524449,,,,
"2021-05-16","PA","PAA","Pennsylvania",12801989,"Report",14115885,11557842,110263,90282,4934257,6204177,419112,296,6984945,54.6,35.8,6861786,67.5,11395790,112082,138835,2303202,96.2,4043965,168966,589793,4577488,4538396,44.6,5956920,7153965,1005000,0,1984965,2592282,423801,241,1984227,2553932,423601,237,837101,886428,58927,135,5001289,39.1,4961997,48.8,1782591,74.5,3885311,11081530,11556393,104285,127382,6983818,63,4577161,41.3,5000930,45.1,1984859,2592061,423769,241,11255396,,,,
"2021-05-16","PR","PRA","Puerto Rico",3193694,"Report",3673280,2365256,115017,74060,963812,1325030,76132,282,1455245,45.6,29.1,1423533,54.3,2325212,88716,140150,418741,77.1,744977,137215,676569,930734,921449,35.2,1601140,1882140,190000,0,370464,560251,76314,19,370378,551052,76222,19,159095,170703,12620,3,1007048,31.5,997671,38.1,342421,63.1,710445,2727349,2364755,86705,134683,1454793,53.3,930685,34.1,1006967,36.9,370452,560214,76282,19,2295945,,,,
"2021-05-16","RI","RIA","Rhode Island",1059361,"Report",1357925,1063244,128183,100367,437261,585246,40706,31,601520,56.8,42.5,586659,68.6,1042349,121931,158847,173317,92.7,330094,176477,725985,450743,445108,52.1,538080,758745,61100,0,191792,258942,40589,9,191765,253334,40574,9,73918,81578,5208,3,491332,46.4,485682,56.8,160707,85.9,318322,927491,1063191,114631,146408,601475,64.8,450737,48.6,491326,53,191788,258940,40589,9,1025554,,,,
"2021-05-16","RP","RPA","Republic of Palau",17907,"Report",24600,20625,137376,115178,19325,1,1299,0,12976,72.5,43.7,12976,92.9,20625,147670,176129,1610,52.9,2920,95926,808147,7832,7832,56.1,20800,0,3800,0,7813,19,1299,0,7813,19,1299,0,1344,8,151,0,9131,51,9131,65.4,1503,49.4,2920,15292,20625,134874,160868,12976,84.9,7832,51.2,9131,59.7,7813,19,1299,0,20625,,,,
"2021-05-16","SC","SCA","South Carolina",5148714,"Report",4855205,3565555,94299,69251,1455629,1995618,113247,1061,1995829,38.8,29.5,1968426,48.8,3522873,87253,120252,762957,81.4,1406046,150055,518152,1518340,1503083,37.2,2026520,2531685,297000,0,617767,900365,110585,208,616970,885905,110321,208,277237,361788,20432,144,1628925,31.6,1613404,40,659601,70.4,1351910,4419974,3563831,80630,109847,1994592,45.1,1517881,34.3,1628444,36.8,617701,899972,110563,208,3414928,,,,
"2021-05-16","SD","SDA","South Dakota",884659,"Report",922975,749370,104331,84707,341633,386821,20903,13,410082,46.4,38.7,403345,60.4,738628,110646,138261,136166,89.7,256119,168642,607736,342013,337973,50.6,417680,448695,56600,0,161091,180911,21102,11,161054,176908,21094,11,65447,57923,3050,5,363115,41,359067,53.8,126425,83.2,226665,738101,749351,101524,125047,410064,55.6,342011,46.3,363113,49.2,161090,180910,21102,11,657147,,,,
"2021-05-16","TN","TNA","Tennessee",6829174,"Report",5806670,4572341,85027,66953,1947381,2491050,126543,7367,2536834,37.1,27.9,2503606,47.1,4521428,85003,109166,864340,75.6,1643122,143706,507846,1908568,1891722,35.6,2429620,3024450,352600,0,836220,1070184,123278,2164,836016,1053547,123145,2159,381461,346297,22613,1360,2031846,29.8,2014867,37.9,751731,65.7,1584813,5835568,4571890,78345,99505,2536457,43.5,1908521,32.7,2031766,34.8,836207,1070150,123245,2164,4411629,,,,
"2021-05-16","TX","TXA","Texas",28995881,"Report",28654065,21179788,98821,73044,9195212,11218707,765068,801,11881680,41,29.8,11663058,54,20786249,96250,132682,2973985,79.6,5552256,148685,767336,8630976,8515321,39.4,11769660,15120105,1764300,0,3899143,4728861,748664,647,3825096,4639057,734446,635,1064466,1290979,204385,177,9377315,32.3,9199235,42.6,2560007,68.6,5339376,24101113,21175617,87862,118891,11878116,49.3,8630113,35.8,9375440,38.9,3898363,4727915,748514,647,20552546,,,,
"2021-05-16","UT","UTA","Utah",3205958,"Report",2933850,2383485,91512,74345,1028892,1256489,98104,0,1352447,42.2,26,1316502,57.9,2327819,102332,128973,311733,85.2,584468,159747,801879,834122,815245,35.8,1261040,1512810,160000,0,367259,466862,94762,1,367104,448140,94657,1,93092,107709,11526,0,928884,29,909902,40,212327,58,569421,2592257,2383165,91934,113177,1352194,52.2,834080,32.2,928816,35.8,367244,466835,94736,1,2334841,,,,
"2021-05-16","VA","VAA","Virginia",8535519,"Report",9189605,7621636,107663,89293,3107155,4251667,260815,1999,4374194,51.2,37.3,4268556,64,7467388,111876,137679,1164018,85.7,2147288,158016,676250,3180823,3132831,46.9,3656340,5024565,508700,0,1348481,1831712,258174,630,1346139,1786065,257334,627,490925,477471,53519,396,3438997,40.3,3390165,50.8,1022311,75.2,2067154,7306973,7619348,104275,125765,4372202,59.8,3180554,43.5,3438652,47.1,1348354,1831570,258098,630,7230017,,,,
"2021-05-16","VA2","VA2","Veterans Health",0,"Report",6239605,5145008,0,0,2681941,2330620,132445,2,2741198,0,0,2740639,0,5144149,0,0,1451982,0,2782751,0,0,2400564,2400266,0,2985500,2733705,520400,0,1279432,1121131,132274,1,1279397,1120868,132254,1,766599,563054,45985,1,2532838,0,2532520,0,1375639,0,2782751,0,5144868,0,0,2741115,0,2400507,0,2532776,0,1279414,1121092,132269,1,5144868,,,,
"2021-05-16","VI","VIA","Virgin Islands",104680,"Report",68820,67595,65743,64573,21805,45316,474,0,35888,34.3,27.6,35426,43.4,66795,81806,84287,11784,66.2,21850,122780,386716,28896,28611,35,21900,46020,900,0,9662,19233,470,1,9650,18960,468,1,4153,5769,209,1,29366,28.1,29079,35.6,10132,56.9,21442,89395,67546,75559,76984,35850,40.1,28886,32.3,29355,32.8,9657,19228,469,1,66909,,,,
"2021-05-16","VT","VTA","Vermont",623989,"Report",808250,676648,129530,108439,294373,348860,32865,550,403357,64.6,41.8,395815,77.6,667198,130827,158485,121745,97.4,236666,189274,646398,260748,258898,50.8,357740,401310,49200,0,116115,144444,31930,189,116096,142613,31908,189,54018,54572,1180,124,292678,46.9,290806,57,109894,87.9,228309,550950,676635,122812,146701,403331,73.2,260744,47.3,292667,53.1,116111,144444,31923,189,655912,,,,
"2021-05-16","WA","WAA","Washington",7614893,"Report",8316630,6813377,109215,89474,2866884,3692942,249466,4085,3949859,51.9,36.8,3867716,65,6698792,112550,139732,1056040,87.3,2001442,165446,687482,2803600,2772135,46.6,3459440,4395690,461500,0,1223998,1578488,247954,1114,1223725,1547299,247817,1111,445026,479107,42722,701,3051554,40.1,3019952,50.7,967556,80,1926633,6500925,6812869,104798,127930,3949424,60.8,2803536,43.1,3051478,46.9,1223983,1578439,247942,1114,6597160,,,,
"2021-05-16","WI","WIA","Wisconsin",5822434,"Report",5693955,5158010,97793,88589,2199468,2765112,192907,523,2807736,48.2,38.4,2751763,60.4,5068372,111250,124982,893602,87.8,1764246,173434,559744,2237718,2206756,48.4,2463360,2929095,301500,0,980816,1256670,186137,232,980633,1225895,186033,228,412705,412824,19433,96,2423855,41.6,2392789,52.5,845058,83.1,1696844,4999792,5157763,103160,113884,2807494,56.2,2237698,44.8,2423825,48.5,980806,1256660,186127,232,5017223,,,,
"2021-05-16","WV","WVA","West Virginia",1792147,"Report",1731955,1252130,96641,69868,599709,627929,24443,49,681688,38,31.4,668377,46.7,1230823,85917,120898,265832,72.4,503239,137118,471908,562918,555477,38.8,791180,835575,105200,0,274216,288603,25359,99,274068,281311,25331,98,124561,112695,4135,54,588277,32.8,580808,40.5,241445,65.8,460468,1557837,1251354,80326,111177,681173,43.7,562698,36.1,588049,37.7,274145,288454,25351,99,1165438,,,,
"2021-05-16","WY","WYA","Wyoming",578759,"Report",495435,378799,85603,65450,184692,181360,12539,208,204569,35.3,28.3,202238,45.4,375076,84282,111327,73742,74.4,139748,140905,499536,163804,162518,36.5,239860,223275,32300,0,81123,82639,11884,42,81112,81364,11879,42,35295,30601,1988,18,175688,30.4,174397,39.2,67902,68.5,128368,490721,378786,77190,100961,204556,41.7,163804,33.4,175687,35.8,81123,82639,11883,42,348255,,,,
"2021-05-16","LTC","LTC","Long Term Care",,,,7826181,,,,,,,,0,0,,,,,,,,,,,,,,,,,,,,,,,,,,,,,,0,,,,,,,,,,,,,,,,,,,,,,0,0,0,0
