"Date","Location","ShortName","LongName","Administered_Daily","Administered_Cumulative","Administered_7_Day_Rolling_Average","Admin_Dose_1_Daily","Admin_Dose_1_Cumulative","Admin_Dose_1_Day_Rolling_Average","Admin_Dose_2_Daily","Admin_Dose_2_Cumulative","Admin_Dose_2_Day_Rolling_Average","Series_Complete_Daily","Series_Complete_Cumulative","Series_Complete_Day_Rolling_Average","date_type","Administered_daily_change_report","Administered_daily_change_report_7dayroll"
"2021-06-24","US","USA","United States",0,320687205,372136,0,178331677,165937,0,139267129,204701,0,151252037,226888,"Admin",,
"2020-12-14","US","USA","United States",3956,17392,8696,3824,15734,7867,6,1361,681,38,1563,781,"Admin",,
"2020-12-25","US","USA","United States",12300,2816584,270560,12174,2733597,263905,61,10378,1070,61,10836,1082,"Admin",,
"2020-12-13","US","USA","United States",13436,13436,13436,11910,11910,11910,1355,1355,1355,1525,1525,1525,"Admin",,
"2020-12-15","US","USA","United States",50112,67504,22501,46629,62363,20788,32,1393,464,89,1652,550,"Admin",,
"2021-01-01","US","USA","United States",55857,5647470,404412,52473,5481481,392555,2490,29144,2681,2718,29913,2725,"Admin",,
"2021-06-23","US","USA","United States",73834,320687205,489286,30850,178331677,213979,42680,139267129,273277,46889,151252037,302947,"Admin",,
"2020-12-27","US","USA","United States",93702,3048891,262615,91620,2961144,256481,394,11206,974,441,11715,987,"Admin",,
"2020-12-20","US","USA","United States",104855,1210581,171020,102110,1165775,164838,547,4390,434,587,4804,468,"Admin",,
"2021-01-03","US","USA","United States",131742,6032558,426238,124915,5852015,412982,2251,33897,3242,2257,34684,3281,"Admin",,
"2020-12-26","US","USA","United States",138605,2955189,264209,135927,2869524,257980,434,10812,996,438,11274,1008,"Admin",,
"2020-12-16","US","USA","United States",160224,227728,56932,153196,215559,53890,216,1609,402,275,1927,481,"Admin",,
"2020-12-19","US","USA","United States",183065,1105726,157960,177406,1063665,151952,952,3843,549,955,4217,602,"Admin",,
"2021-05-31","US","USA","United States",185850,301645466,936293,86491,170787682,459106,98239,127852788,472744,112808,138814558,528476,"Admin",,
"2020-12-24","US","USA","United States",194756,2804284,328748,188946,2721423,320286,927,10317,1164,933,10775,1178,"Admin",,
"2021-01-10","US","USA","United States",242213,11554618,788865,170210,10150273,614037,67863,1153130,159890,67878,1154104,159917,"Admin",,
"2021-06-20","US","USA","United States",247167,319693621,724036,104482,177842708,292083,141952,138766874,428836,154536,150683819,470209,"Admin",,
"2021-01-02","US","USA","United States",253346,5900816,420803,245619,5727100,408225,2502,31646,2976,2514,32427,3021,"Admin",,
"2020-12-17","US","USA","United States",275317,503045,100609,263865,479424,95885,559,2168,434,602,2529,505,"Admin",,
"2021-01-17","US","USA","United States",296416,18560133,1000787,253305,15799722,807064,40324,2401506,178339,40331,2402677,178367,"Admin",,
"2021-05-30","US","USA","United States",365288,301459616,1084831,200706,170701191,532873,163296,127754549,546819,188175,138701750,611504,"Admin",,
"2021-06-13","US","USA","United States",368839,314625365,958515,117355,175798128,345811,250094,135765022,608171,269619,147392350,656638,"Admin",,
"2020-12-21","US","USA","United States",382033,1592614,225031,372412,1538187,217493,939,5329,567,955,5759,599,"Admin",,
"2021-01-24","US","USA","United States",388250,26792799,1176095,297646,22252220,921785,84908,4069336,238261,84916,4070692,238287,"Admin",,
"2020-12-31","US","USA","United States",417854,5591613,398189,405519,5429008,386798,2474,26654,2334,2480,27195,2345,"Admin",,
"2020-12-18","US","USA","United States",419616,922661,153776,406835,886259,147710,723,2891,482,733,3262,543,"Admin",,
"2021-06-22","US","USA","United States",435024,320613371,603497,187261,178300827,258781,245883,139224449,342197,275054,151205148,378617,"Admin",,
"2021-02-07","US","USA","United States",438429,48185412,1615973,277871,35917473,966848,151245,11461093,624684,151270,11463276,624778,"Admin",,
"2020-12-22","US","USA","United States",447781,2040395,281841,437939,1976126,273395,2223,7552,880,2237,7996,906,"Admin",,
"2021-01-31","US","USA","United States",449859,36873601,1440114,321837,29149535,985331,119865,7088303,431281,119883,7089827,431305,"Admin",,
"2021-06-21","US","USA","United States",484726,320178347,671694,270858,178113566,282602,211692,138978566,386238,246275,150930094,425948,"Admin",,
"2021-06-06","US","USA","United States",488180,307915759,922306,189199,173377452,382323,297476,131507828,536183,321060,142795882,584876,"Admin",,
"2021-01-09","US","USA","United States",495106,11312405,773084,361505,9980063,607566,125593,1085267,150517,125599,1086226,150542,"Admin",,
"2021-06-19","US","USA","United States",524186,319446454,741418,218743,177738226,293922,303559,138624922,444285,330818,150529283,486650,"Admin",,
"2020-12-23","US","USA","United States",569133,2609528,340257,556351,2532477,330988,1838,9390,1112,1846,9842,1130,"Admin",,
"2021-02-14","US","USA","United States",570354,60685466,1785722,335689,42769254,978826,223058,16943339,783178,223080,16946067,783255,"Admin",,
"2021-02-21","US","USA","United States",574630,70880350,1456412,250559,47577619,686909,310931,22152346,744144,310987,22155730,744237,"Admin",,
"2021-05-09","US","USA","United States",580702,269876585,1923452,208384,156127911,642794,369411,110907299,1268266,401337,120293185,1353117,"Admin",,
"2020-12-28","US","USA","United States",581394,3630285,291095,566467,3527611,284203,2646,13852,1218,2656,14371,1230,"Admin",,
"2021-05-23","US","USA","United States",610891,293865794,1655016,325682,166971082,820006,282477,123926818,827080,315019,134421216,908975,"Admin",,
"2021-01-04","US","USA","United States",637125,6669683,434199,579906,6431921,414901,43774,77671,9117,43807,78491,9160,"Admin",,
"2021-01-16","US","USA","United States",638411,18263717,993044,561442,15546417,795193,69268,2361182,182274,69285,2362346,182302,"Admin",,
"2020-12-29","US","USA","United States",711236,4341521,328732,688454,4216065,319991,4003,17855,1472,4012,18383,1483,"Admin",,
"2021-05-29","US","USA","United States",729874,301094328,1119917,391146,170500485,550726,335857,127591253,563845,379116,138513575,629625,"Admin",,
"2021-04-04","US","USA","United States",731196,177683004,3016141,427593,113247077,1744337,295588,62173029,1246772,350750,66964931,1422035,"Admin",,
"2021-01-05","US","USA","United States",809107,7478790,448181,709151,7141072,417858,85578,163249,20771,85609,164100,20816,"Admin",,
"2021-06-17","US","USA","United States",820048,318082249,833017,336294,177170119,313684,480032,137834224,515508,532408,149663815,560936,"Admin",,
"2021-02-28","US","USA","United States",823432,85247549,2052457,529126,55114097,1076640,276574,28743632,941612,276659,28748116,941769,"Admin",,
"2020-12-30","US","USA","United States",832238,5173759,366318,807424,5023489,355859,6325,24180,2113,6332,24715,2124,"Admin",,
"2021-06-18","US","USA","United States",840019,318922268,787496,349364,177519483,303070,487139,138321363,481041,534650,150198465,524653,"Admin",,
"2021-06-12","US","USA","United States",846734,314256526,975563,282780,175680773,356074,560850,135514928,614939,596837,147122731,663987,"Admin",,
"2021-05-02","US","USA","United States",849131,256412420,2308704,326636,151628354,902576,518580,102029439,1392724,557146,110821360,1448712,"Admin",,
"2021-06-14","US","USA","United States",851124,315476489,935916,337227,176135355,339243,509880,136274902,592169,556103,147948453,640022,"Admin",,
"2021-01-18","US","USA","United States",854047,19414180,974056,623718,16423440,795545,220360,2621866,164598,220405,2623082,164628,"Admin",,
"2021-05-16","US","USA","United States",861197,282280682,1772013,444418,161231040,729018,412124,118137259,1032851,450162,128058391,1109315,"Admin",,
"2021-06-16","US","USA","United States",873309,317262201,874217,344463,176833825,324016,525122,137354192,546140,576583,149131407,592610,"Admin",,
"2021-01-23","US","USA","United States",892741,26404549,1162976,734688,21954574,915451,144817,3984428,231892,144827,3985776,231918,"Admin",,
"2021-03-07","US","USA","United States",895950,101458517,2315852,662284,65268618,1450646,224459,34597170,836220,326635,35064315,902314,"Admin",,
"2021-06-15","US","USA","United States",912403,316388892,906948,354007,176489362,330546,554168,136829070,572110,606371,148554824,619328,"Admin",,
"2021-03-14","US","USA","United States",954523,119088031,2518502,640087,76926638,1665431,298779,40381817,826378,410066,42382146,1045404,"Admin",,
"2021-04-25","US","USA","United States",962023,240251492,2627740,490410,145310325,1134886,466749,92280372,1477616,471276,100680376,1479469,"Admin",,
"2021-03-21","US","USA","United States",982877,136818558,2532932,670341,88937508,1715839,303627,45950526,795530,353548,48832260,921444,"Admin",,
"2021-01-06","US","USA","United States",1000019,8478809,472150,813168,7954240,418679,168475,331724,43935,168526,332626,43987,"Admin",,
"2021-01-30","US","USA","United States",1002328,36423742,1431313,754153,28827698,981875,232818,6968438,426287,232820,6969944,426309,"Admin",,
"2021-06-07","US","USA","United States",1009315,308925074,1039944,383202,173760654,424710,621894,132129722,610991,672416,143468298,664820,"Admin",,
"2021-06-05","US","USA","United States",1020035,307427579,904750,365378,173188253,383967,651238,131210352,517014,693327,142474822,565892,"Admin",,
"2021-01-11","US","USA","United States",1041168,12595786,846586,704352,10854625,631815,316547,1469677,198858,316576,1470680,198884,"Admin",,
"2021-04-18","US","USA","United States",1056426,221857312,2911926,519979,137366126,1450069,531279,81937057,1443604,531598,90324090,1500652,"Admin",,
"2021-06-02","US","USA","United States",1060172,303892471,866108,502033,171828014,419392,553342,129048913,442712,619418,140140499,494183,"Admin",,
"2021-06-09","US","USA","United States",1102428,311142682,1035744,390176,174565713,391100,706915,133531214,640329,763610,144983137,691805,"Admin",,
"2021-06-10","US","USA","United States",1108444,312251126,1024619,408621,174974334,381097,694452,134225666,639123,754122,145737259,689941,"Admin",,
"2021-06-08","US","USA","United States",1115180,310040254,1029707,414883,174175537,407079,694577,132824299,618390,751229,144219527,671206,"Admin",,
"2021-02-15","US","USA","United States",1134436,61819902,1730782,603030,43372284,947605,508393,17451732,759497,508502,17454569,759579,"Admin",,
"2021-01-07","US","USA","United States",1137208,9616017,574914,841678,8795918,480987,273069,604793,82591,273088,605714,82645,"Admin",,
"2021-06-11","US","USA","United States",1158666,313409792,1000321,423659,175397993,367874,728412,134954078,627852,788635,146525894,677771,"Admin",,
"2021-03-28","US","USA","United States",1172745,156570012,2821636,663285,101036720,1728459,496204,53445625,1070728,526376,57010682,1168346,"Admin",,
"2021-06-03","US","USA","United States",1186322,305078793,853314,478644,172306658,400120,702893,129751806,449415,767173,140907672,499338,"Admin",,
"2021-06-01","US","USA","United States",1186833,302832299,909434,538299,171325981,441496,642783,128495571,463650,706523,139521081,516679,"Admin",,
"2021-01-08","US","USA","United States",1201282,10817299,738547,822640,9618558,591011,354881,959674,132933,354913,960627,132959,"Admin",,
"2021-01-12","US","USA","United States",1222465,13818251,905637,891507,11746132,657866,308537,1778214,230709,308577,1779257,230736,"Admin",,
"2021-05-24","US","USA","United States",1225618,295091412,1584654,602859,167573941,782860,616761,124543579,794197,694006,135115222,874419,"Admin",,
"2021-01-15","US","USA","United States",1230419,17625306,972572,1099085,14984975,766631,116227,2291914,190320,116279,2293061,190347,"Admin",,
"2021-05-28","US","USA","United States",1258863,300364454,1214647,603519,170109339,597912,649497,127255396,610954,722157,138134459,679630,"Admin",,
"2021-02-06","US","USA","United States",1271495,47746983,1617605,844394,35639602,973129,408057,11309848,620201,408105,11312006,620294,"Admin",,
"2021-05-27","US","USA","United States",1275880,299105591,1316421,613552,169505820,646665,655967,126605899,663397,731084,137412302,735421,"Admin",,
"2021-02-20","US","USA","United States",1276865,70305720,1455801,595961,47327060,699071,658582,21841415,731591,658641,21844743,731679,"Admin",,
"2021-01-14","US","USA","United States",1283608,16394887,968410,1133598,13885890,727139,131362,2175687,224413,131386,2176782,224438,"Admin",,
"2021-01-13","US","USA","United States",1293028,15111279,947495,1006160,12752292,685436,266111,2044325,244657,266139,2045396,244681,"Admin",,
"2021-02-01","US","USA","United States",1295932,38169533,1435329,733027,29882562,969787,536994,7625297,441152,537282,7627109,441213,"Admin",,
"2021-01-19","US","USA","United States",1316504,20730684,987490,954553,17377993,804552,342860,2964726,169502,342881,2965963,169529,"Admin",,
"2021-06-04","US","USA","United States",1328751,306407544,863298,516217,172822875,387648,807308,130559114,471960,873823,141781495,521005,"Admin",,
"2021-01-25","US","USA","United States",1329426,28122225,1244006,841834,23094054,952945,467898,4537234,273624,467920,4538612,273647,"Admin",,
"2021-04-11","US","USA","United States",1360149,201473824,3398688,826224,127215642,1995509,524511,71831832,1379829,768514,79819523,1836370,"Admin",,
"2021-05-26","US","USA","United States",1363455,297829711,1407513,656762,168892268,689882,699908,125949932,710870,776893,136681218,785896,"Admin",,
"2021-05-25","US","USA","United States",1374844,296466256,1499139,661565,168235506,737975,706445,125250024,753917,789103,135904325,831798,"Admin",,
"2021-05-22","US","USA","United States",1392978,293254903,1690774,721448,166645400,836968,665621,123644341,845601,729153,134106197,928281,"Admin",,
"2021-02-22","US","USA","United States",1412859,72293209,1496186,614142,48191761,688497,767553,22919899,781167,767659,22923389,781260,"Admin",,
"2021-02-13","US","USA","United States",1437171,60115112,1766875,853428,42433565,970566,561269,16720281,772919,561328,16722987,772997,"Admin",,
"2021-05-08","US","USA","United States",1442156,269295883,1961799,488580,155919527,659687,942270,110537888,1289576,1012586,119891848,1375376,"Admin",,
"2021-05-10","US","USA","United States",1497497,271374082,1866694,475115,156603026,619273,1012227,111919526,1235432,1089380,121382565,1316794,"Admin",,
"2021-02-08","US","USA","United States",1519016,49704428,1647842,821575,36739048,979498,674160,12135253,644279,674240,12137516,644343,"Admin",,
"2021-02-16","US","USA","United States",1582697,63402599,1684417,791160,44163444,914336,764208,18215940,745844,764275,18218844,745922,"Admin",,
"2021-01-20","US","USA","United States",1586126,22316810,1029361,1154193,18532186,825699,410609,3375335,190144,410649,3376612,190173,"Admin",,
"2021-01-22","US","USA","United States",1593310,25511808,1126643,1371522,21219886,890702,201534,3839611,221100,201554,3840949,221126,"Admin",,
"2021-01-21","US","USA","United States",1601688,23918498,1074801,1316178,19848364,851782,262742,3638077,208913,262783,3639395,208944,"Admin",,
"2021-01-26","US","USA","United States",1626983,29749208,1288360,1041080,24135134,965306,561174,5098408,304812,561202,5099814,304835,"Admin",,
"2021-02-02","US","USA","United States",1639925,39809458,1437178,947307,30829869,956391,668805,8294102,456528,668885,8295994,456597,"Admin",,
"2021-05-17","US","USA","United States",1718148,283998830,1803535,862884,162093924,784414,846943,118984202,1009239,935897,128994288,1087389,"Admin",,
"2021-05-01","US","USA","United States",1730974,255563289,2324831,683387,151301718,925972,1037218,101510859,1385319,1095648,110264214,1436444,"Admin",,
"2021-05-15","US","USA","United States",1761072,281419485,1731943,888995,160786622,695299,863254,117725135,1026750,934247,127608229,1102340,"Admin",,
"2021-02-18","US","USA","United States",1798749,67121133,1564956,822535,45911117,812544,944415,20127225,726846,944512,20130322,726925,"Admin",,
"2021-01-29","US","USA","United States",1863270,35421414,1415658,1347402,28073545,979094,476252,6735620,413716,476283,6737124,413739,"Admin",,
"2021-02-23","US","USA","United States",1883478,74176687,1539155,864547,49056308,698981,981923,23901822,812269,982026,23905415,812367,"Admin",,
"2021-03-01","US","USA","United States",1886339,87133888,2120097,1117082,56231179,1148488,730634,29474266,936338,732502,29480618,936747,"Admin",,
"2021-01-27","US","USA","United States",1892762,31641970,1332165,1235784,25370918,976962,625311,5723719,335483,625335,5725149,335505,"Admin",,
"2021-05-03","US","USA","United States",1894798,258307218,2257398,639764,152268118,862523,1242061,103271500,1381524,1343642,112165002,1449807,"Admin",,
"2021-05-11","US","USA","United States",1904446,273278528,1799089,645313,157248339,595528,1247641,113167167,1191740,1333234,122715799,1271249,"Admin",,
"2021-02-09","US","USA","United States",1907250,51611678,1686031,1024042,37763090,990460,859782,12995035,671562,859874,12997390,671628,"Admin",,
"2021-02-19","US","USA","United States",1907722,69028855,1478702,819982,46731099,735852,1055608,21182833,717689,1055780,21186102,717777,"Admin",,
"2021-05-20","US","USA","United States",1913520,289890639,1792086,916075,164979166,878232,988275,121962120,904845,1084408,132264352,988806,"Admin",,
"2021-05-12","US","USA","United States",1913935,275192463,1730432,667885,157916224,577225,1234364,114401531,1141545,1322415,124038214,1219754,"Admin",,
"2021-01-28","US","USA","United States",1916174,33558144,1377092,1355225,26726143,982540,535649,6259368,374470,535692,6260841,374492,"Admin",,
"2021-02-17","US","USA","United States",1919785,65322384,1640880,925138,45088582,874259,966870,19182810,741827,966966,19185810,741905,"Admin",,
"2021-02-27","US","USA","United States",1941176,84424117,2016913,1128994,54584971,1036844,782891,28467058,946520,783204,28471457,946673,"Admin",,
"2021-05-21","US","USA","United States",1971286,291861925,1743358,944786,165923952,860904,1016600,122978720,873834,1112692,133377044,957580,"Admin",,
"2021-05-18","US","USA","United States",1973452,285972282,1813393,975755,163069679,831620,988403,119972605,972205,1087448,130081736,1052276,"Admin",,
"2021-03-06","US","USA","United States",2004195,100562567,2305492,1329721,64606334,1431623,656497,34372711,843665,832275,34737680,895174,"Admin",,
"2021-05-19","US","USA","United States",2004837,287977119,1826379,993412,164063091,878124,1001240,120973845,938902,1098208,131179944,1020247,"Admin",,
"2021-03-08","US","USA","United States",2086444,103544961,2344439,1449345,66717963,1498112,617034,35214204,819991,812841,35877156,913791,"Admin",,
"2021-02-03","US","USA","United States",2091196,41900654,1465526,1250063,32079932,958431,806944,9101046,482475,807008,9103002,482550,"Admin",,
"2021-03-20","US","USA","United States",2101178,135835681,2528881,1392317,88267167,1711517,692724,45646899,794837,832571,48478712,929518,"Admin",,
"2021-04-24","US","USA","United States",2135593,239289469,2641226,991443,144819915,1139110,1133016,91813623,1486835,1136692,100209100,1488086,"Admin",,
"2021-03-13","US","USA","United States",2150297,118133508,2510134,1379693,76286551,1668602,744724,40083038,815761,989406,41972080,1033485,"Admin",,
"2021-05-13","US","USA","United States",2153572,277346035,1696693,915318,158831542,598585,1226677,115628208,1087705,1304490,125342704,1163182,"Admin",,
"2021-03-15","US","USA","United States",2202688,121290719,2535108,1470175,78396813,1668407,702997,41084814,838659,834890,43217036,1048554,"Admin",,
"2021-02-10","US","USA","United States",2224543,53836221,1705081,1205680,38968770,984120,994987,13990022,698425,995080,13992470,698495,"Admin",,
"2021-04-03","US","USA","United States",2248210,176951808,3079220,1313552,112819484,1778007,916253,61877441,1275431,1114203,66614181,1447125,"Admin",,
"2021-04-26","US","USA","United States",2253938,242505430,2594887,920135,146230460,1111493,1320460,93600832,1468532,1335977,102016353,1472388,"Admin",,
"2021-03-22","US","USA","United States",2274479,139093037,2543188,1574270,90511778,1730709,682595,46633121,792615,767838,49600098,911866,"Admin",,
"2021-02-04","US","USA","United States",2285150,44185804,1518237,1375983,33455915,961396,878183,9979229,531409,878266,9981268,531489,"Admin",,
"2021-02-05","US","USA","United States",2289684,46475488,1579153,1339293,34795208,960238,922562,10901791,595167,922633,10903901,595253,"Admin",,
"2021-04-17","US","USA","United States",2303593,220800886,2955315,1162259,136846147,1493818,1129802,81405778,1442637,1130318,89792492,1534497,"Admin",,
"2021-05-14","US","USA","United States",2312378,279658413,1686383,1066085,159897627,638097,1233673,116861881,1038038,1331278,126673982,1113531,"Admin",,
"2021-02-11","US","USA","United States",2330214,56166435,1711518,1254540,40223310,966771,1049281,15039303,722868,1049375,15041845,722939,"Admin",,
"2021-03-02","US","USA","United States",2360673,89494561,2188267,1422549,57653728,1228203,907958,30382224,925772,908861,30389479,926294,"Admin",,
"2021-05-04","US","USA","United States",2377685,260684903,2202682,811523,153079641,821356,1553489,104824989,1368402,1652051,113817053,1443589,"Admin",,
"2021-05-07","US","USA","United States",2384549,267853727,2003058,789501,155430947,687517,1581342,109595618,1303140,1678833,118879262,1387242,"Admin",,
"2021-05-06","US","USA","United States",2389743,265469178,2054890,765794,154641446,727995,1603559,108014276,1314052,1700493,117200429,1396422,"Admin",,
"2021-05-05","US","USA","United States",2394532,263079435,2126044,796011,153875652,773913,1585728,106410717,1339792,1682883,115499936,1419494,"Admin",,
"2021-03-27","US","USA","United States",2415638,155397267,2794512,1361325,100373435,1729467,1035149,52949421,1043217,1124884,56484306,1143656,"Admin",,
"2021-02-24","US","USA","United States",2449609,76626296,1614844,1231620,50287928,742764,1180717,25082539,842818,1180854,25086269,842922,"Admin",,
"2021-04-19","US","USA","United States",2483905,224341217,2850394,1083884,138450010,1374005,1384054,83321111,1458701,1385547,91709637,1463337,"Admin",,
"2021-02-12","US","USA","United States",2511506,58677941,1743207,1356827,41580137,969276,1119709,16159012,751032,1119814,16161659,751108,"Admin",,
"2021-03-09","US","USA","United States",2632849,106177810,2383321,1781372,68499335,1549372,830989,36045193,808996,1039276,36916432,932421,"Admin",,
"2021-03-29","US","USA","United States",2726453,159296465,2886204,1584160,102620880,1729872,1118384,54564009,1132984,1203608,58214290,1230598,"Admin",,
"2021-04-30","US","USA","United States",2747373,253832315,2382634,1072851,150618331,969980,1657731,100473641,1399005,1743096,109168566,1442308,"Admin",,
"2021-04-27","US","USA","United States",2760698,245266128,2547264,1099688,147330148,1075198,1645340,95246172,1457619,1695576,103711929,1468523,"Admin",,
"2021-03-16","US","USA","United States",2800228,124090947,2559019,1903499,80300312,1685854,873848,41958662,844781,1007215,44224251,1043974,"Admin",,
"2021-04-10","US","USA","United States",2803321,200113675,3308838,1700477,126389418,1938562,1083899,71307321,1347126,1596699,79051009,1776689,"Admin",,
"2021-03-03","US","USA","United States",2820654,92315215,2241274,1715346,59369074,1297307,1068249,31450473,909705,1078694,31468173,911700,"Admin",,
"2021-02-25","US","USA","United States",2840529,79466825,1763670,1513010,51800938,841403,1282276,26364815,891084,1282494,26368763,891205,"Admin",,
"2021-04-29","US","USA","United States",2887821,251084942,2437509,1087221,149545480,1005410,1783735,98815910,1418087,1861998,107425470,1449298,"Admin",,
"2021-04-12","US","USA","United States",2914629,204388453,3387638,1616336,128831978,1981822,1278370,73110202,1382757,1646755,81466278,1854340,"Admin",,
"2021-04-28","US","USA","United States",2930993,248197121,2501434,1128111,148458259,1046634,1786003,97032175,1440666,1851543,105563472,1460799,"Admin",,
"2021-03-23","US","USA","United States",2976389,142069426,2568354,1970373,92482151,1740263,983197,47616318,808237,1091412,50691510,923894,"Admin",,
"2021-04-05","US","USA","United States",2991982,180674986,3054074,1712147,114959224,1762621,1257876,63430905,1266699,1520962,68485893,1467371,"Admin",,
"2021-02-26","US","USA","United States",3016116,82482941,1922012,1655039,53455977,960697,1319352,27684167,928762,1319490,27688253,928878,"Admin",,
"2021-03-10","US","USA","United States",3057221,109235031,2417116,2045650,70544985,1596559,985586,37030779,797187,1227344,38143776,953657,"Admin",,
"2021-03-17","US","USA","United States",3089933,127180880,2563692,2110849,82411161,1695168,955483,42914145,840481,1087750,45312001,1024032,"Admin",,
"2021-04-20","US","USA","United States",3094057,227435274,2809739,1353749,139803759,1319590,1721728,85042839,1472952,1722631,93432268,1474434,"Admin",,
"2021-03-04","US","USA","United States",3110698,95425913,2279869,1929486,61298560,1356803,1142063,32592536,889674,1190167,32658340,898511,"Admin",,
"2021-04-23","US","USA","United States",3131503,237153876,2665226,1320863,143828472,1163512,1791304,90680607,1486376,1792026,99072408,1487176,"Admin",,
"2021-03-05","US","USA","United States",3132459,98558372,2296490,1978053,63276613,1402948,1123678,33716214,861721,1247065,33905405,888164,"Admin",,
"2021-03-19","US","USA","United States",3234620,133734503,2535898,2190696,86874850,1709713,1018022,44954175,802266,1170576,47646141,951923,"Admin",,
"2021-04-21","US","USA","United States",3251808,230687082,2760591,1328064,141131823,1261660,1904677,86947516,1482175,1905609,95337877,1483310,"Admin",,
"2021-03-18","US","USA","United States",3319003,130499883,2553945,2272993,84684154,1696619,1022008,43936153,830672,1163564,46475565,995913,"Admin",,
"2021-04-22","US","USA","United States",3335291,234022373,2719419,1375786,142507609,1209124,1941787,88889303,1494343,1942505,97280382,1495290,"Admin",,
"2021-03-12","US","USA","United States",3360945,115983211,2489262,2099039,74906858,1661464,1216867,39338314,803157,1478502,40982674,1011038,"Admin",,
"2021-04-13","US","USA","United States",3378644,207767097,3319219,1734651,130566629,1906348,1621971,74732173,1390284,1644946,83111224,1804250,"Admin",,
"2021-03-11","US","USA","United States",3387235,112622266,2456621,2262834,72807819,1644180,1090668,38121447,789844,1360396,39504172,977976,"Admin",,
"2021-03-30","US","USA","United States",3457764,162754229,2954971,1990626,104611506,1732765,1442067,56006076,1198537,1566713,59781003,1298499,"Admin",,
"2021-03-24","US","USA","United States",3461087,145530513,2621376,2188737,94670888,1751390,1245806,48862124,849711,1362851,52054361,963194,"Admin",,
"2021-04-16","US","USA","United States",3510853,218497293,3026705,1640148,135683888,1570707,1847076,80275976,1436079,1848824,88662174,1601123,"Admin",,
"2021-04-02","US","USA","United States",3551121,174703598,3103138,2040141,111505932,1784832,1478379,60961188,1292417,1735726,65499978,1448650,"Admin",,
"2021-04-14","US","USA","United States",3595845,211362942,3229318,1733577,132300206,1793574,1840118,76572291,1413677,1843477,84954701,1750594,"Admin",,
"2021-04-15","US","USA","United States",3623498,214986440,3123493,1743534,134043740,1680536,1856609,78428900,1421707,1858649,86813350,1671209,"Admin",,
"2021-03-26","US","USA","United States",3718743,152981629,2749589,2090621,99012110,1733894,1600232,51914272,994300,1726193,55359422,1101897,"Admin",,
"2021-03-25","US","USA","United States",3732373,149262886,2680429,2250601,96921489,1748191,1451916,50314040,911127,1578868,53633229,1022523,"Admin",,
"2021-04-06","US","USA","United States",3857576,184532562,3111190,2262971,117222195,1801527,1569283,65000188,1284873,1995580,70481473,1528638,"Admin",,
"2021-03-31","US","USA","United States",4045655,166799884,3038481,2381306,106992812,1760275,1635512,57641588,1254209,1857179,61638182,1369117,"Admin",,
"2021-04-09","US","USA","United States",4188371,197310354,3229536,2408952,124688941,1883287,1746468,70223422,1323176,2339425,77454310,1707761,"Admin",,
"2021-04-07","US","USA","United States",4225148,188757710,3136832,2522996,119745191,1821768,1676365,66676553,1290709,2219065,72700538,1580336,"Admin",,
"2021-04-01","US","USA","United States",4352593,171152477,3127084,2472979,109465791,1792043,1841221,59482809,1309824,2126070,63764252,1447289,"Admin",,
"2021-04-08","US","USA","United States",4364273,193121983,3138500,2534798,122279989,1830600,1800401,68476954,1284878,2414347,75114885,1621519,"Admin",,
"2020-12-13","US","USA","United States",,,,,,,,,,,,,"Report",0,0
"2020-12-14","US","USA","United States",,,,,,,,,,,,,"Report",509,255
"2020-12-15","US","USA","United States",,,,,,,,,,,,,"Report",12129,4213
"2020-12-16","US","USA","United States",,,,,,,,,,,,,"Report",38996,12909
"2020-12-27","US","USA","United States",,,,,,,,,,,,,"Report",61992,228700
"2020-12-17","US","USA","United States",,,,,,,,,,,,,"Report",75708,25468
"2020-12-18","US","USA","United States",,,,,,,,,,,,,"Report",126800,42357
"2020-12-21","US","USA","United States",,,,,,,,,,,,,"Report",149957,114422
"2020-12-28","US","USA","United States",,,,,,,,,,,,,"Report",156220,229595
"2020-12-26","US","USA","United States",,,,,,,,,,,,,"Report",156478,249823
"2021-01-03","US","USA","United States",,,,,,,,,,,,,"Report",185279,342276
"2020-12-19","US","USA","United States",,,,,,,,,,,,,"Report",187508,63093
"2020-12-22","US","USA","United States",,,,,,,,,,,,,"Report",189722,139792
"2020-12-20","US","USA","United States",,,,,,,,,,,,,"Report",209853,93072
"2021-01-04","US","USA","United States",,,,,,,,,,,,,"Report",239472,354169
"2021-01-02","US","USA","United States",,,,,,,,,,,,,"Report",290402,324664
"2020-12-29","US","USA","United States",,,,,,,,,,,,,"Report",314677,247446
"2020-12-25","US","USA","United States",,,,,,,,,,,,,"Report",336145,254256
"2021-01-05","US","USA","United States",,,,,,,,,,,,,"Report",337114,357375
"2020-12-24","US","USA","United States",,,,,,,,,,,,,"Report",338436,224350
"2020-12-23","US","USA","United States",,,,,,,,,,,,,"Report",368173,186817
"2021-01-11","US","USA","United States",,,,,,,,,,,,,"Report",419440,639336
"2021-01-01","US","USA","United States",,,,,,,,,,,,,"Report",434528,305532
"2021-01-20","US","USA","United States",,,,,,,,,,,,,"Report",441318,808253
"2020-12-30","US","USA","United States",,,,,,,,,,,,,"Report",441549,257928
"2021-06-02","US","USA","United States",,,,,,,,,,,,,"Report",508652,1100084
"2021-06-01","US","USA","United States",,,,,,,,,,,,,"Report",512915,1230767
"2021-01-12","US","USA","United States",,,,,,,,,,,,,"Report",516858,665014
"2021-01-18","US","USA","United States",,,,,,,,,,,,,"Report",548050,871378
"2021-02-02","US","USA","United States",,,,,,,,,,,,,"Report",558458,1319981
"2020-12-31","US","USA","United States",,,,,,,,,,,,,"Report",573278,291477
"2021-01-06","US","USA","United States",,,,,,,,,,,,,"Report",600055,380018
"2021-06-21","US","USA","United States",,,,,,,,,,,,,"Report",610033,1132945
"2021-01-19","US","USA","United States",,,,,,,,,,,,,"Report",621154,886277
"2021-06-22","US","USA","United States",,,,,,,,,,,,,"Report",647403,1048167
"2021-06-23","US","USA","United States",,,,,,,,,,,,,"Report",648209,993840
"2021-01-10","US","USA","United States",,,,,,,,,,,,,"Report",727095,613626
"2021-01-07","US","USA","United States",,,,,,,,,,,,,"Report",730700,402507
"2021-02-09","US","USA","United States",,,,,,,,,,,,,"Report",788573,1489333
"2021-01-09","US","USA","United States",,,,,,,,,,,,,"Report",790484,536224
"2021-01-26","US","USA","United States",,,,,,,,,,,,,"Report",806751,1065290
"2021-06-03","US","USA","United States",,,,,,,,,,,,,"Report",808036,999474
"2021-06-24","US","USA","United States",,,,,,,,,,,,,"Report",815152,816831
"2021-06-11","US","USA","United States",,,,,,,,,,,,,"Report",822177,1055610
"2021-06-09","US","USA","United States",,,,,,,,,,,,,"Report",829809,1120083
"2021-06-20","US","USA","United States",,,,,,,,,,,,,"Report",848611,1234838
"2021-02-23","US","USA","United States",,,,,,,,,,,,,"Report",854609,1401674
"2021-01-17","US","USA","United States",,,,,,,,,,,,,"Report",856109,853005
"2021-01-08","US","USA","United States",,,,,,,,,,,,,"Report",870465,464784
"2021-01-25","US","USA","United States",,,,,,,,,,,,,"Report",885588,1038776
"2021-05-25","US","USA","United States",,,,,,,,,,,,,"Report",897972,1750524
"2021-06-10","US","USA","United States",,,,,,,,,,,,,"Report",934142,1138099
"2021-01-15","US","USA","United States",,,,,,,,,,,,,"Report",956233,784495
"2021-02-16","US","USA","United States",,,,,,,,,,,,,"Report",959794,1716311
"2021-05-31","US","USA","United States",,,,,,,,,,,,,"Report",962475,1285775
"2021-01-13","US","USA","United States",,,,,,,,,,,,,"Report",987485,720361
"2021-05-04","US","USA","United States",,,,,,,,,,,,,"Report",988846,2194483
"2021-01-21","US","USA","United States",,,,,,,,,,,,,"Report",1021093,797857
"2021-06-16","US","USA","United States",,,,,,,,,,,,,"Report",1028496,1165956
"2021-02-17","US","USA","United States",,,,,,,,,,,,,"Report",1061463,1644551
"2021-06-19","US","USA","United States",,,,,,,,,,,,,"Report",1069021,1286438
"2021-06-08","US","USA","United States",,,,,,,,,,,,,"Report",1071750,1074204
"2021-06-18","US","USA","United States",,,,,,,,,,,,,"Report",1079390,1362712
"2021-02-22","US","USA","United States",,,,,,,,,,,,,"Report",1086840,1416701
"2021-01-14","US","USA","United States",,,,,,,,,,,,,"Report",1093867,772242
"2021-02-03","US","USA","United States",,,,,,,,,,,,,"Report",1097394,1317946
"2021-02-01","US","USA","United States",,,,,,,,,,,,,"Report",1099103,1355451
"2021-01-27","US","USA","United States",,,,,,,,,,,,,"Report",1111640,1161050
"2021-05-18","US","USA","United States",,,,,,,,,,,,,"Report",1123306,1771807
"2021-01-16","US","USA","United States",,,,,,,,,,,,,"Report",1141043,834574
"2021-06-05","US","USA","United States",,,,,,,,,,,,,"Report",1148208,937669
"2021-05-24","US","USA","United States",,,,,,,,,,,,,"Report",1170314,1782714
"2021-05-03","US","USA","United States",,,,,,,,,,,,,"Report",1188734,2287393
"2021-02-08","US","USA","United States",,,,,,,,,,,,,"Report",1206680,1456459
"2021-06-13","US","USA","United States",,,,,,,,,,,,,"Report",1209817,1097710
"2021-06-07","US","USA","United States",,,,,,,,,,,,,"Report",1213339,994370
"2021-05-30","US","USA","United States",,,,,,,,,,,,,"Report",1223800,1315466
"2021-06-15","US","USA","United States",,,,,,,,,,,,,"Report",1240847,1137572
"2021-01-24","US","USA","United States",,,,,,,,,,,,,"Report",1310665,990557
"2021-06-14","US","USA","United States",,,,,,,,,,,,,"Report",1323282,1113416
"2021-02-04","US","USA","United States",,,,,,,,,,,,,"Report",1325456,1287147
"2021-06-06","US","USA","United States",,,,,,,,,,,,,"Report",1369848,958533
"2021-05-28","US","USA","United States",,,,,,,,,,,,,"Report",1375171,1500632
"2021-02-15","US","USA","United States",,,,,,,,,,,,,"Report",1376214,1691850
"2021-06-04","US","USA","United States",,,,,,,,,,,,,"Report",1399594,1002963
"2021-04-06","US","USA","United States",,,,,,,,,,,,,"Report",1404280,2998533
"2021-05-26","US","USA","United States",,,,,,,,,,,,,"Report",1423432,1703162
"2021-01-23","US","USA","United States",,,,,,,,,,,,,"Report",1430031,925620
"2021-02-24","US","USA","United States",,,,,,,,,,,,,"Report",1432864,1454731
"2021-02-18","US","USA","United States",,,,,,,,,,,,,"Report",1455940,1621071
"2021-05-17","US","USA","United States",,,,,,,,,,,,,"Report",1486490,1830360
"2021-05-27","US","USA","United States",,,,,,,,,,,,,"Report",1512303,1618194
"2021-05-11","US","USA","United States",,,,,,,,,,,,,"Report",1533180,2194787
"2021-01-28","US","USA","United States",,,,,,,,,,,,,"Report",1541048,1235330
"2021-01-31","US","USA","United States",,,,,,,,,,,,,"Report",1545397,1324949
"2021-05-12","US","USA","United States",,,,,,,,,,,,,"Report",1548283,2159146
"2021-01-22","US","USA","United States",,,,,,,,,,,,,"Report",1561585,884336
"2021-02-10","US","USA","United States",,,,,,,,,,,,,"Report",1563780,1555959
"2021-03-09","US","USA","United States",,,,,,,,,,,,,"Report",1602746,2151571
"2021-06-12","US","USA","United States",,,,,,,,,,,,,"Report",1602933,1120571
"2021-05-29","US","USA","United States",,,,,,,,,,,,,"Report",1605272,1394832
"2021-02-05","US","USA","United States",,,,,,,,,,,,,"Report",1615502,1276364
"2021-02-11","US","USA","United States",,,,,,,,,,,,,"Report",1620300,1598080
"2021-04-27","US","USA","United States",,,,,,,,,,,,,"Report",1639215,2717062
"2021-03-16","US","USA","United States",,,,,,,,,,,,,"Report",1655996,2435037
"2021-03-01","US","USA","United States",,,,,,,,,,,,,"Report",1663984,1817502
"2021-01-29","US","USA","United States",,,,,,,,,,,,,"Report",1690979,1253815
"2021-01-30","US","USA","United States",,,,,,,,,,,,,"Report",1693241,1291416
"2021-02-20","US","USA","United States",,,,,,,,,,,,,"Report",1704457,1521088
"2021-03-23","US","USA","United States",,,,,,,,,,,,,"Report",1707293,2497025
"2021-03-02","US","USA","United States",,,,,,,,,,,,,"Report",1731614,1942788
"2021-03-08","US","USA","United States",,,,,,,,,,,,,"Report",1738102,2169981
"2021-05-19","US","USA","United States",,,,,,,,,,,,,"Report",1754966,1801333
"2021-05-23","US","USA","United States",,,,,,,,,,,,,"Report",1779363,1827882
"2021-03-30","US","USA","United States",,,,,,,,,,,,,"Report",1789510,2769331
"2021-05-05","US","USA","United States",,,,,,,,,,,,,"Report",1797771,2132487
"2021-02-21","US","USA","United States",,,,,,,,,,,,,"Report",1801134,1458040
"2021-04-20","US","USA","United States",,,,,,,,,,,,,"Report",1806929,3015065
"2021-02-25","US","USA","United States",,,,,,,,,,,,,"Report",1809170,1505193
"2021-05-14","US","USA","United States",,,,,,,,,,,,,"Report",1842180,1951333
"2021-02-19","US","USA","United States",,,,,,,,,,,,,"Report",1847276,1596355
"2021-05-10","US","USA","United States",,,,,,,,,,,,,"Report",1882392,2117025
"2021-03-03","US","USA","United States",,,,,,,,,,,,,"Report",1908873,2010790
"2021-05-13","US","USA","United States",,,,,,,,,,,,,"Report",1915642,2088962
"2021-02-12","US","USA","United States",,,,,,,,,,,,,"Report",2020288,1655907
"2021-03-15","US","USA","United States",,,,,,,,,,,,,"Report",2021586,2427430
"2021-03-22","US","USA","United States",,,,,,,,,,,,,"Report",2028324,2489697
"2021-03-10","US","USA","United States",,,,,,,,,,,,,"Report",2028692,2168688
"2021-03-04","US","USA","United States",,,,,,,,,,,,,"Report",2032374,2042676
"2021-06-17","US","USA","United States",,,,,,,,,,,,,"Report",2054216,1325967
"2021-05-16","US","USA","United States",,,,,,,,,,,,,"Report",2093069,1886917
"2021-04-26","US","USA","United States",,,,,,,,,,,,,"Report",2107046,2741021
"2021-05-20","US","USA","United States",,,,,,,,,,,,,"Report",2107077,1828681
"2021-05-02","US","USA","United States",,,,,,,,,,,,,"Report",2127998,2418580
"2021-04-05","US","USA","United States",,,,,,,,,,,,,"Report",2134049,3053566
"2021-02-07","US","USA","United States",,,,,,,,,,,,,"Report",2172973,1441091
"2021-04-19","US","USA","United States",,,,,,,,,,,,,"Report",2174495,3127038
"2021-02-26","US","USA","United States",,,,,,,,,,,,,"Report",2179947,1552717
"2021-05-21","US","USA","United States",,,,,,,,,,,,,"Report",2198101,1879526
"2021-02-06","US","USA","United States",,,,,,,,,,,,,"Report",2218752,1351437
"2021-02-13","US","USA","United States",,,,,,,,,,,,,"Report",2231326,1657703
"2021-04-28","US","USA","United States",,,,,,,,,,,,,"Report",2231745,2669644
"2021-02-14","US","USA","United States",,,,,,,,,,,,,"Report",2242472,1667631
"2021-03-24","US","USA","United States",,,,,,,,,,,,,"Report",2256824,2490889
"2021-03-17","US","USA","United States",,,,,,,,,,,,,"Report",2299771,2473762
"2021-05-22","US","USA","United States",,,,,,,,,,,,,"Report",2345872,1872697
"2021-03-29","US","USA","United States",,,,,,,,,,,,,"Report",2350144,2757586
"2021-02-27","US","USA","United States",,,,,,,,,,,,,"Report",2352116,1645240
"2021-05-09","US","USA","United States",,,,,,,,,,,,,"Report",2369784,2017931
"2021-05-15","US","USA","United States",,,,,,,,,,,,,"Report",2393676,1926448
"2021-05-06","US","USA","United States",,,,,,,,,,,,,"Report",2406932,2087608
"2021-02-28","US","USA","United States",,,,,,,,,,,,,"Report",2429823,1735053
"2021-03-05","US","USA","United States",,,,,,,,,,,,,"Report",2435246,2079147
"2021-03-07","US","USA","United States",,,,,,,,,,,,,"Report",2439427,2159392
"2021-03-11","US","USA","United States",,,,,,,,,,,,,"Report",2482603,2233006
"2021-04-14","US","USA","United States",,,,,,,,,,,,,"Report",2509055,3330740
"2021-04-21","US","USA","United States",,,,,,,,,,,,,"Report",2563671,3022868
"2021-05-08","US","USA","United States",,,,,,,,,,,,,"Report",2567872,1983391
"2021-03-19","US","USA","United States",,,,,,,,,,,,,"Report",2583810,2455116
"2021-04-13","US","USA","United States",,,,,,,,,,,,,"Report",2590736,3384387
"2021-04-12","US","USA","United States",,,,,,,,,,,,,"Report",2644914,3214893
"2021-03-31","US","USA","United States",,,,,,,,,,,,,"Report",2670947,2828491
"2021-03-18","US","USA","United States",,,,,,,,,,,,,"Report",2692381,2503731
"2021-03-14","US","USA","United States",,,,,,,,,,,,,"Report",2697779,2386932
"2021-04-29","US","USA","United States",,,,,,,,,,,,,"Report",2721079,2630407
"2021-04-30","US","USA","United States",,,,,,,,,,,,,"Report",2799184,2548207
"2021-05-07","US","USA","United States",,,,,,,,,,,,,"Report",2805581,2088522
"2021-03-25","US","USA","United States",,,,,,,,,,,,,"Report",2831442,2510755
"2021-04-07","US","USA","United States",,,,,,,,,,,,,"Report",2884580,3029052
"2021-03-06","US","USA","United States",,,,,,,,,,,,,"Report",2904229,2158020
"2021-03-12","US","USA","United States",,,,,,,,,,,,,"Report",2924112,2302844
"2021-04-22","US","USA","United States",,,,,,,,,,,,,"Report",2995734,2947229
"2021-04-25","US","USA","United States",,,,,,,,,,,,,"Report",3020948,2750656
"2021-03-21","US","USA","United States",,,,,,,,,,,,,"Report",3039915,2488734
"2021-03-20","US","USA","United States",,,,,,,,,,,,,"Report",3127679,2439857
"2021-03-13","US","USA","United States",,,,,,,,,,,,,"Report",3234490,2350025
"2021-03-28","US","USA","United States",,,,,,,,,,,,,"Report",3281956,2711611
"2021-05-01","US","USA","United States",,,,,,,,,,,,,"Report",3303794,2546144
"2021-04-24","US","USA","United States",,,,,,,,,,,,,"Report",3318230,2824078
"2021-04-01","US","USA","United States",,,,,,,,,,,,,"Report",3358112,2903730
"2021-04-04","US","USA","United States",,,,,,,,,,,,,"Report",3365324,3084436
"2021-04-23","US","USA","United States",,,,,,,,,,,,,"Report",3374587,2862758
"2021-03-26","US","USA","United States",,,,,,,,,,,,,"Report",3379393,2624410
"2021-04-08","US","USA","United States",,,,,,,,,,,,,"Report",3403061,3035473
"2021-03-27","US","USA","United States",,,,,,,,,,,,,"Report",3496047,2677034
"2021-04-15","US","USA","United States",,,,,,,,,,,,,"Report",3525204,3348189
"2021-04-18","US","USA","United States",,,,,,,,,,,,,"Report",3534901,3194240
"2021-04-11","US","USA","United States",,,,,,,,,,,,,"Report",3579422,3141912
"2021-04-17","US","USA","United States",,,,,,,,,,,,,"Report",3588990,3200601
"2021-04-09","US","USA","United States",,,,,,,,,,,,,"Report",3958065,3033045
"2021-04-16","US","USA","United States",,,,,,,,,,,,,"Report",3965883,3349306
"2021-04-02","US","USA","United States",,,,,,,,,,,,,"Report",3975059,2988825
"2021-04-03","US","USA","United States",,,,,,,,,,,,,"Report",4081959,3072527
"2021-04-10","US","USA","United States",,,,,,,,,,,,,"Report",4629928,3111327
"2020-12-16","LTC","LTC","Long Term Care",0,229,57,0,229,57,0,0,0,0,0,0,"Admin",,
"2020-12-15","LTC","LTC","Long Term Care",0,229,76,0,229,76,0,0,0,0,0,0,"Admin",,
"2020-12-14","LTC","LTC","Long Term Care",0,229,114,0,229,115,0,0,0,0,0,0,"Admin",,
"2021-06-24","LTC","LTC","Long Term Care",0,7884473,294,0,4649684,195,0,3170016,98,0,3190293,151,"Admin",,
"2021-06-23","LTC","LTC","Long Term Care",0,7884473,579,0,4649684,390,0,3170016,186,0,3190293,335,"Admin",,
"2020-12-17","LTC","LTC","Long Term Care",5,234,46,5,234,47,0,0,0,0,0,0,"Admin",,
"2021-05-31","LTC","LTC","Long Term Care",5,7859103,1334,3,4634055,785,2,3160421,534,2,3174341,857,"Admin",,
"2021-06-20","LTC","LTC","Long Term Care",16,7883368,1093,3,4648925,713,13,3169676,369,13,3189675,663,"Admin",,
"2021-05-30","LTC","LTC","Long Term Care",23,7859098,1540,15,4634052,889,8,3160419,637,9,3174339,968,"Admin",,
"2021-06-19","LTC","LTC","Long Term Care",25,7883352,1098,11,4648922,714,13,3169663,372,13,3189662,666,"Admin",,
"2021-05-09","LTC","LTC","Long Term Care",28,7822287,1661,9,4612350,1125,19,3145474,522,20,3154088,656,"Admin",,
"2021-05-02","LTC","LTC","Long Term Care",40,7810656,1633,26,4604472,1155,14,3141822,456,15,3149492,519,"Admin",,
"2021-06-13","LTC","LTC","Long Term Care",47,7875711,1262,12,4643937,780,35,3167093,478,35,3185032,777,"Admin",,
"2021-05-29","LTC","LTC","Long Term Care",56,7859075,1548,24,4634037,893,32,3160411,642,32,3174330,973,"Admin",,
"2021-05-08","LTC","LTC","Long Term Care",69,7822259,1663,30,4612341,1128,36,3145455,521,36,3154068,655,"Admin",,
"2021-04-25","LTC","LTC","Long Term Care",74,7799220,1444,13,4596385,1021,52,3138632,416,54,3145853,416,"Admin",,
"2021-06-12","LTC","LTC","Long Term Care",74,7875664,1272,22,4643925,793,52,3167058,476,57,3184997,788,"Admin",,
"2021-05-23","LTC","LTC","Long Term Care",84,7848317,1971,43,4627832,1111,41,3155961,855,42,3167558,1128,"Admin",,
"2021-04-18","LTC","LTC","Long Term Care",93,7789112,1699,35,4589238,1067,56,3135718,623,56,3142937,693,"Admin",,
"2021-04-24","LTC","LTC","Long Term Care",95,7799146,1446,27,4596372,1024,67,3138580,417,67,3145799,416,"Admin",,
"2021-06-05","LTC","LTC","Long Term Care",113,7866757,1097,15,4638374,620,96,3163728,474,100,3179478,735,"Admin",,
"2020-12-25","LTC","LTC","Long Term Care",115,58272,8074,115,55053,7643,0,42,6,0,42,6,"Admin",,
"2021-06-06","LTC","LTC","Long Term Care",120,7866877,1111,102,4638476,632,18,3163746,475,113,3179591,750,"Admin",,
"2021-04-17","LTC","LTC","Long Term Care",143,7789019,1745,60,4589203,1070,82,3135662,666,82,3142881,737,"Admin",,
"2021-05-15","LTC","LTC","Long Term Care",151,7834170,1701,104,4619725,1055,46,3149958,643,48,3159638,795,"Admin",,
"2021-05-01","LTC","LTC","Long Term Care",155,7810616,1638,119,4604446,1153,34,3141808,461,36,3149477,525,"Admin",,
"2021-05-22","LTC","LTC","Long Term Care",170,7848233,2009,54,4627789,1152,115,3155920,852,117,3167516,1125,"Admin",,
"2021-04-04","LTC","LTC","Long Term Care",179,7759150,2842,84,4570469,1384,95,3124696,1446,96,3127969,1738,"Admin",,
"2020-12-20","LTC","LTC","Long Term Care",211,2302,296,211,2103,268,0,0,0,0,0,0,"Admin",,
"2020-12-13","LTC","LTC","Long Term Care",229,229,229,229,229,229,0,0,0,0,0,0,"Admin",,
"2021-04-10","LTC","LTC","Long Term Care",309,7776802,2547,109,4581710,1618,197,3131003,915,198,3137721,1406,"Admin",,
"2020-12-19","LTC","LTC","Long Term Care",338,2091,298,338,1892,270,0,0,0,0,0,0,"Admin",,
"2021-05-16","LTC","LTC","Long Term Care",350,7834520,1747,333,4620058,1101,17,3149975,643,19,3159657,795,"Admin",,
"2021-04-11","LTC","LTC","Long Term Care",411,7777213,2580,58,4581768,1614,351,3131354,951,362,3138083,1444,"Admin",,
"2021-06-22","LTC","LTC","Long Term Care",510,7884473,879,413,4649684,586,93,3170016,287,333,3190293,531,"Admin",,
"2021-06-21","LTC","LTC","Long Term Care",595,7883963,1067,346,4649271,703,247,3169923,355,285,3189960,643,"Admin",,
"2021-04-03","LTC","LTC","Long Term Care",728,7758971,2969,238,4570385,1405,486,3124601,1551,486,3127873,1843,"Admin",,
"2021-06-14","LTC","LTC","Long Term Care",779,7876490,1232,412,4644349,773,344,3167437,452,423,3185455,756,"Admin",,
"2021-06-18","LTC","LTC","Long Term Care",914,7883327,1105,595,4648911,715,317,3169650,378,414,3189649,672,"Admin",,
"2021-06-07","LTC","LTC","Long Term Care",989,7867866,1251,462,4638938,698,525,3164271,550,571,3180162,831,"Admin",,
"2021-03-28","LTC","LTC","Long Term Care",1068,7739250,5686,228,4560780,2048,830,3114576,3592,830,3115800,3739,"Admin",,
"2021-04-23","LTC","LTC","Long Term Care",1252,7799051,1453,767,4596345,1029,482,3138513,419,482,3145732,419,"Admin",,
"2021-05-03","LTC","LTC","Long Term Care",1287,7811943,1621,854,4605326,1137,430,3142252,462,528,3150020,539,"Admin",,
"2021-04-26","LTC","LTC","Long Term Care",1370,7800590,1405,984,4597369,997,383,3139015,402,393,3146246,403,"Admin",,
"2021-06-04","LTC","LTC","Long Term Care",1404,7866644,1089,671,4638359,621,727,3163632,465,894,3179378,725,"Admin",,
"2021-06-11","LTC","LTC","Long Term Care",1408,7875590,1278,823,4643903,792,584,3167006,482,807,3184940,794,"Admin",,
"2021-05-24","LTC","LTC","Long Term Care",1446,7849763,1934,726,4628558,1090,720,3156681,841,782,3168340,1106,"Admin",,
"2020-12-18","LTC","LTC","Long Term Care",1519,1753,292,1320,1554,259,0,0,0,0,0,0,"Admin",,
"2021-05-10","LTC","LTC","Long Term Care",1592,7823879,1705,872,4613222,1128,719,3146193,563,851,3154939,702,"Admin",,
"2021-03-27","LTC","LTC","Long Term Care",1600,7738182,6022,325,4560552,2140,1268,3113746,3834,1284,3114970,3980,"Admin",,
"2021-01-01","LTC","LTC","Long Term Care",1632,311606,36190,1628,304519,35638,4,608,81,4,608,80,"Admin",,
"2021-04-19","LTC","LTC","Long Term Care",1638,7790750,1593,1149,4590387,1002,486,3136204,584,486,3143423,584,"Admin",,
"2021-05-28","LTC","LTC","Long Term Care",1641,7859019,1565,714,4634013,897,845,3160379,653,993,3174298,985,"Admin",,
"2021-05-17","LTC","LTC","Long Term Care",1702,7836222,1763,872,4620930,1101,819,3150794,657,937,3160594,807,"Admin",,
"2021-04-14","LTC","LTC","Long Term Care",1795,7783778,2025,1197,4586062,1275,593,3133584,739,593,3140802,1048,"Admin",,
"2021-06-01","LTC","LTC","Long Term Care",1799,7860902,1280,900,4634955,729,889,3161310,536,1323,3175664,842,"Admin",,
"2021-06-15","LTC","LTC","Long Term Care",1830,7878320,1200,1235,4645584,767,573,3168010,426,1121,3186576,737,"Admin",,
"2021-04-30","LTC","LTC","Long Term Care",1853,7810461,1630,1301,4604327,1140,485,3141774,466,582,3149441,529,"Admin",,
"2021-06-09","LTC","LTC","Long Term Care",1940,7871858,1272,1216,4641434,746,720,3165745,521,1191,3182603,794,"Admin",,
"2021-05-21","LTC","LTC","Long Term Care",1971,7848063,2006,1234,4627735,1159,735,3155805,842,920,3167399,1115,"Admin",,
"2021-06-17","LTC","LTC","Long Term Care",1999,7882413,1175,1365,4648316,748,617,3169333,416,1292,3189235,728,"Admin",,
"2021-05-14","LTC","LTC","Long Term Care",2031,7834019,1689,1361,4619621,1044,668,3149912,642,794,3159590,794,"Admin",,
"2021-05-12","LTC","LTC","Long Term Care",2033,7829193,1803,1309,4616513,1152,720,3148204,638,907,3157376,793,"Admin",,
"2021-06-02","LTC","LTC","Long Term Care",2051,7862953,1192,1259,4636214,667,785,3162095,510,1375,3177039,786,"Admin",,
"2021-06-08","LTC","LTC","Long Term Care",2052,7869918,1288,1280,4640218,752,754,3165025,531,1250,3181412,821,"Admin",,
"2021-06-16","LTC","LTC","Long Term Care",2094,7880414,1222,1367,4646951,788,706,3168716,424,1367,3187943,762,"Admin",,
"2020-12-24","LTC","LTC","Long Term Care",2115,58157,8274,2096,54938,7815,19,42,6,19,42,6,"Admin",,
"2021-05-04","LTC","LTC","Long Term Care",2149,7814092,1539,1535,4606861,1084,602,3142854,433,787,3150807,524,"Admin",,
"2021-04-16","LTC","LTC","Long Term Care",2158,7788876,1769,1231,4589143,1077,908,3135580,682,909,3142799,753,"Admin",,
"2021-05-25","LTC","LTC","Long Term Care",2177,7851940,1800,1292,4629850,1021,874,3157555,776,1424,3169764,1060,"Admin",,
"2021-04-20","LTC","LTC","Long Term Care",2264,7793014,1575,1890,4592277,1059,369,3136573,512,369,3143792,511,"Admin",,
"2021-06-03","LTC","LTC","Long Term Care",2287,7865240,1123,1474,4637688,627,810,3162905,482,1445,3178484,739,"Admin",,
"2021-06-10","LTC","LTC","Long Term Care",2324,7874182,1277,1646,4643080,770,677,3166422,502,1530,3184133,807,"Admin",,
"2021-05-07","LTC","LTC","Long Term Care",2338,7822190,1675,1447,4612311,1141,886,3145419,521,1137,3154032,655,"Admin",,
"2021-04-12","LTC","LTC","Long Term Care",2384,7779597,2526,1604,4583372,1591,762,3132116,921,1251,3139334,1448,"Admin",,
"2021-04-13","LTC","LTC","Long Term Care",2386,7781983,2339,1493,4584865,1489,875,3132991,835,875,3140209,1248,"Admin",,
"2021-04-21","LTC","LTC","Long Term Care",2386,7795400,1660,1604,4593881,1117,766,3137339,536,766,3144558,536,"Admin",,
"2021-04-22","LTC","LTC","Long Term Care",2399,7797799,1583,1697,4595578,1095,692,3138031,480,692,3145250,480,"Admin",,
"2021-05-05","LTC","LTC","Long Term Care",2479,7816571,1506,1586,4608447,1042,885,3143739,442,1018,3151825,546,"Admin",,
"2021-04-29","LTC","LTC","Long Term Care",2583,7808608,1544,1871,4603026,1064,642,3141289,465,856,3148859,515,"Admin",,
"2021-05-26","LTC","LTC","Long Term Care",2667,7854607,1706,1696,4631546,1003,969,3158524,699,1773,3171537,1019,"Admin",,
"2021-04-28","LTC","LTC","Long Term Care",2708,7806025,1517,1879,4601155,1039,826,3140647,473,868,3148003,492,"Admin",,
"2021-04-27","LTC","LTC","Long Term Care",2727,7803317,1471,1907,4599276,1000,806,3139821,464,889,3147135,477,"Admin",,
"2021-04-05","LTC","LTC","Long Term Care",2761,7761911,2641,1765,4572234,1389,974,3125670,1239,1223,3129192,1550,"Admin",,
"2021-05-27","LTC","LTC","Long Term Care",2771,7857378,1612,1753,4633299,971,1010,3159534,638,1768,3173305,975,"Admin",,
"2021-04-02","LTC","LTC","Long Term Care",2777,7758243,3094,1268,4570147,1417,1486,3124115,1662,1836,3127387,1957,"Admin",,
"2021-05-13","LTC","LTC","Long Term Care",2795,7831988,1733,1747,4618260,1057,1040,3149244,673,1420,3158796,843,"Admin",,
"2021-04-15","LTC","LTC","Long Term Care",2940,7786718,1945,1850,4587912,1223,1088,3134672,713,1088,3141890,901,"Admin",,
"2021-05-18","LTC","LTC","Long Term Care",3115,7839337,1739,1775,4622705,1072,1329,3152123,663,1748,3162342,839,"Admin",,
"2021-05-06","LTC","LTC","Long Term Care",3281,7819852,1606,2417,4610864,1120,794,3144533,463,1070,3152895,576,"Admin",,
"2021-05-11","LTC","LTC","Long Term Care",3281,7827160,1866,1982,4615204,1192,1291,3147484,661,1530,3156469,808,"Admin",,
"2021-05-19","LTC","LTC","Long Term Care",3328,7842665,1924,1817,4624522,1144,1506,3153629,775,2060,3164402,1003,"Admin",,
"2021-04-09","LTC","LTC","Long Term Care",3395,7776493,2607,2251,4581601,1636,1122,3130806,956,1945,3137523,1448,"Admin",,
"2021-03-21","LTC","LTC","Long Term Care",3417,7699444,11974,869,4546441,3453,2519,3089430,8328,2520,3089624,8341,"Admin",,
"2021-05-20","LTC","LTC","Long Term Care",3427,7846092,2014,1979,4626501,1177,1441,3155070,832,2077,3166479,1097,"Admin",,
"2021-04-08","LTC","LTC","Long Term Care",3501,7773098,2518,2212,4579350,1496,1270,3129684,1008,2117,3135578,1432,"Admin",,
"2021-04-06","LTC","LTC","Long Term Care",3699,7765610,2569,2207,4574441,1436,1477,3127147,1120,2278,3131470,1480,"Admin",,
"2021-04-01","LTC","LTC","Long Term Care",3783,7755466,3677,2292,4568879,1644,1478,3122629,2017,1991,3125551,2290,"Admin",,
"2021-04-07","LTC","LTC","Long Term Care",3987,7769597,2559,2697,4577138,1507,1267,3128414,1038,1991,3133461,1414,"Admin",,
"2021-03-31","LTC","LTC","Long Term Care",4057,7751683,4242,2198,4566587,1749,1842,3121151,2467,2454,3123560,2707,"Admin",,
"2021-03-29","LTC","LTC","Long Term Care",4174,7743424,5144,1729,4562509,1936,2422,3116998,3173,2539,3118339,3332,"Admin",,
"2021-03-30","LTC","LTC","Long Term Care",4202,7747626,4713,1880,4564389,1838,2311,3119309,2844,2767,3121106,3056,"Admin",,
"2021-03-20","LTC","LTC","Long Term Care",6779,7696027,12626,1420,4545572,3552,5259,3086911,8871,5262,3087104,8884,"Admin",,
"2021-03-26","LTC","LTC","Long Term Care",6860,7736582,6762,2854,4560227,2296,3966,3112478,4404,4170,3113686,4549,"Admin",,
"2021-03-23","LTC","LTC","Long Term Care",7216,7714630,9920,2565,4551521,2979,4609,3099398,6846,4705,3099714,6870,"Admin",,
"2021-03-24","LTC","LTC","Long Term Care",7357,7721987,8805,2826,4554347,2702,4482,3103880,6019,4896,3104610,6102,"Admin",,
"2021-03-25","LTC","LTC","Long Term Care",7735,7729722,7769,3026,4557373,2472,4632,3108512,5217,4906,3109516,5336,"Admin",,
"2021-03-22","LTC","LTC","Long Term Care",7970,7707414,10954,2515,4548956,3222,5359,3094789,7619,5385,3095009,7634,"Admin",,
"2021-03-14","LTC","LTC","Long Term Care",7982,7615623,19780,1562,4522267,5769,6320,3031135,13797,6323,3031237,13801,"Admin",,
"2020-12-27","LTC","LTC","Long Term Care",8951,76591,10612,8807,73100,10142,23,78,11,23,78,11,"Admin",,
"2020-12-26","LTC","LTC","Long Term Care",9368,67640,9364,9240,64293,8914,13,55,8,13,55,7,"Admin",,
"2021-03-13","LTC","LTC","Long Term Care",10311,7607641,20172,2359,4520705,5969,7844,3024815,13969,7845,3024914,13972,"Admin",,
"2021-03-07","LTC","LTC","Long Term Care",10727,7477163,32636,2960,4481882,9397,7521,2934554,22875,7523,2934629,22885,"Admin",,
"2021-03-19","LTC","LTC","Long Term Care",13915,7689248,13131,4081,4544152,3687,9657,3081652,9240,9684,3081842,9253,"Admin",,
"2020-12-21","LTC","LTC","Long Term Care",14180,16482,2321,14011,16114,2269,0,0,0,0,0,0,"Admin",,
"2021-03-16","LTC","LTC","Long Term Care",14453,7645184,16673,4261,4530666,4695,10015,3051474,11719,10048,3051618,11728,"Admin",,
"2021-03-18","LTC","LTC","Long Term Care",14986,7675333,14333,4636,4540071,4068,10248,3071995,10041,10265,3072158,10051,"Admin",,
"2021-03-15","LTC","LTC","Long Term Care",15108,7630731,18486,4138,4526405,5345,10324,3041459,12875,10333,3041570,12880,"Admin",,
"2021-03-17","LTC","LTC","Long Term Care",15163,7660347,15431,4769,4535435,4330,10273,3061747,10857,10275,3061893,10866,"Admin",,
"2020-12-31","LTC","LTC","Long Term Care",16189,309974,35973,16112,302891,35422,70,604,80,70,604,80,"Admin",,
"2021-03-06","LTC","LTC","Long Term Care",16642,7466436,34207,4381,4478922,9781,12059,2927033,24051,12118,2927106,24061,"Admin",,
"2020-12-22","LTC","LTC","Long Term Care",16792,33274,4720,16567,32681,4636,9,9,1,9,9,1,"Admin",,
"2021-02-28","LTC","LTC","Long Term Care",21718,7248705,76997,5648,4416102,24549,15750,2774426,51617,15750,2774428,51617,"Admin",,
"2021-03-12","LTC","LTC","Long Term Care",22328,7597330,21076,6752,4518346,6258,15260,3016971,14571,15272,3017069,14583,"Admin",,
"2021-03-11","LTC","LTC","Long Term Care",22674,7575002,23598,6472,4511594,6907,15964,3001711,16417,15970,3001797,16428,"Admin",,
"2020-12-23","LTC","LTC","Long Term Care",22768,56042,7973,20161,52842,7516,14,23,3,14,23,3,"Admin",,
"2021-03-10","LTC","LTC","Long Term Care",23856,7552328,26198,7324,4505122,7552,16304,2985747,18344,16306,2985827,18354,"Admin",,
"2021-03-08","LTC","LTC","Long Term Care",24160,7501323,30683,7106,4488988,8762,16779,2951333,21579,16781,2951410,21590,"Admin",,
"2021-03-09","LTC","LTC","Long Term Care",27149,7528472,28713,8810,4497798,8230,18110,2969443,20164,18111,2969521,20174,"Admin",,
"2021-01-03","LTC","LTC","Long Term Care",32561,390689,44871,31844,382139,44148,61,724,92,61,724,92,"Admin",,
"2021-01-10","LTC","LTC","Long Term Care",35535,991682,85856,34913,975069,84704,414,4067,478,414,4067,477,"Admin",,
"2021-03-01","LTC","LTC","Long Term Care",37831,7286536,68891,11554,4427656,22197,25851,2800277,45939,25851,2800279,45939,"Admin",,
"2021-03-05","LTC","LTC","Long Term Care",39982,7449794,37905,11295,4474541,10775,28180,2914974,26708,28187,2914988,26709,"Admin",,
"2021-03-04","LTC","LTC","Long Term Care",40872,7409812,42253,10988,4463246,12144,29458,2886794,29603,29458,2886801,29603,"Admin",,
"2021-03-02","LTC","LTC","Long Term Care",40940,7327476,61369,12534,4440190,20010,28015,2828292,40706,28018,2828297,40706,"Admin",,
"2021-03-03","LTC","LTC","Long Term Care",41464,7368940,52228,12068,4452258,16411,29044,2857336,35229,29046,2857343,35229,"Admin",,
"2021-02-21","LTC","LTC","Long Term Care",42458,6709721,94893,12210,4244258,30685,29744,2413107,63151,29744,2413109,63150,"Admin",,
"2021-02-27","LTC","LTC","Long Term Care",42528,7226987,79960,11340,4410454,25487,30655,2758676,53616,30655,2758678,53616,"Admin",,
"2021-01-02","LTC","LTC","Long Term Care",46522,358128,41498,45776,350295,40857,55,663,87,55,663,86,"Admin",,
"2021-01-17","LTC","LTC","Long Term Care",49130,1819588,118272,41833,1720877,106544,7025,80597,10933,7025,80597,10932,"Admin",,
"2021-01-09","LTC","LTC","Long Term Care",50583,956147,85431,49499,940156,84266,502,3653,427,502,3653,427,"Admin",,
"2021-02-14","LTC","LTC","Long Term Care",53855,6045465,137858,24335,4029464,57394,28698,1971051,79189,28698,1971053,79189,"Admin",,
"2020-12-28","LTC","LTC","Long Term Care",59939,136530,17149,59010,132110,16571,31,109,16,31,109,15,"Admin",,
"2021-02-20","LTC","LTC","Long Term Care",60657,6667263,96521,17552,4232048,32417,42478,2383363,63001,42478,2383365,63001,"Admin",,
"2021-01-24","LTC","LTC","Long Term Care",63360,2793214,139089,40508,2420098,99889,22486,350408,38544,22487,350409,38544,"Admin",,
"2021-01-16","LTC","LTC","Long Term Care",64413,1770458,116330,55416,1679044,105555,8305,73572,9988,8305,73572,9988,"Admin",,
"2021-02-07","LTC","LTC","Long Term Care",65534,5080454,164608,29338,3627705,78378,35619,1416725,85038,35619,1416727,85038,"Admin",,
"2021-01-31","LTC","LTC","Long Term Care",67516,3928195,162140,39507,3079057,94137,27666,821458,67293,27666,821459,67292,"Admin",,
"2021-02-26","LTC","LTC","Long Term Care",70424,7184459,82550,20875,4399114,26374,48446,2728021,55305,48446,2728023,55305,"Admin",,
"2020-12-30","LTC","LTC","Long Term Care",77631,293785,33963,76457,286779,33420,259,534,73,259,534,73,"Admin",,
"2020-12-29","LTC","LTC","Long Term Care",79624,216154,26125,78212,210322,25377,166,275,38,166,275,38,"Admin",,
"2021-02-13","LTC","LTC","Long Term Care",85415,5991610,139527,40282,4005129,58109,44613,1942353,80178,44613,1942355,80178,"Admin",,
"2021-01-04","LTC","LTC","Long Term Care",85898,476587,48579,84931,467070,47851,66,790,97,66,790,97,"Admin",,
"2021-02-23","LTC","LTC","Long Term Care",93589,6897888,90432,27839,4300118,27904,64650,2543351,61432,64650,2543353,61432,"Admin",,
"2021-02-22","LTC","LTC","Long Term Care",94578,6804299,93269,28021,4272279,29468,65594,2478701,62719,65594,2478703,62719,"Admin",,
"2021-01-06","LTC","LTC","Long Term Care",94909,668406,53517,93926,657217,52920,211,1154,89,211,1154,88,"Admin",,
"2021-01-30","LTC","LTC","Long Term Care",96431,3860679,161546,57548,3039550,94280,38432,793792,66553,38432,793793,66553,"Admin",,
"2021-01-23","LTC","LTC","Long Term Care",96574,2729854,137056,62026,2379590,100078,33998,327922,36336,33998,327922,36335,"Admin",,
"2021-01-05","LTC","LTC","Long Term Care",96910,573497,51049,96221,563291,50424,153,943,95,153,943,95,"Admin",,
"2021-02-24","LTC","LTC","Long Term Care",105456,7003344,88641,37261,4337379,27654,67385,2610736,59976,67385,2610738,59976,"Admin",,
"2021-02-15","LTC","LTC","Long Term Care",105945,6151410,129859,36542,4066006,52863,68614,2039665,75822,68614,2039667,75822,"Admin",,
"2021-02-25","LTC","LTC","Long Term Care",110691,7114035,88492,40860,4378239,28392,68839,2679575,59177,68839,2679577,59176,"Admin",,
"2021-02-06","LTC","LTC","Long Term Care",111126,5014920,164891,58609,3598367,79831,51695,1381106,83902,51696,1381108,83902,"Admin",,
"2021-02-18","LTC","LTC","Long Term Care",111732,6494589,108580,35688,4179492,42274,74436,2265338,65267,74436,2265340,65266,"Admin",,
"2021-02-19","LTC","LTC","Long Term Care",112017,6606606,100058,35004,4214496,35664,75547,2340885,63306,75547,2340887,63306,"Admin",,
"2021-01-15","LTC","LTC","Long Term Care",113000,1706045,114354,109326,1623628,104710,2587,65267,8874,2587,65267,8873,"Admin",,
"2021-02-16","LTC","LTC","Long Term Care",113450,6264860,121846,38781,4104787,48415,73662,2113327,72340,73662,2113329,72340,"Admin",,
"2021-01-08","LTC","LTC","Long Term Care",113961,905564,84851,111590,890657,83734,1495,3151,363,1495,3151,363,"Admin",,
"2021-02-17","LTC","LTC","Long Term Care",117997,6382857,115476,39017,4143804,45670,77575,2190902,68803,77575,2190904,68802,"Admin",,
"2021-01-07","LTC","LTC","Long Term Care",123197,791603,68804,121850,779067,68025,502,1656,150,502,1656,150,"Admin",,
"2021-01-22","LTC","LTC","Long Term Care",127104,2633280,132462,118038,2317564,99134,8448,293924,32665,8448,293924,32665,"Admin",,
"2021-01-14","LTC","LTC","Long Term Care",141526,1593045,114491,135200,1514302,105034,5685,62680,8718,5685,62680,8717,"Admin",,
"2021-01-11","LTC","LTC","Long Term Care",143443,1135125,94076,128221,1103290,90889,14263,18330,2506,14263,18330,2505,"Admin",,
"2021-01-21","LTC","LTC","Long Term Care",144339,2506176,130447,123379,2199526,97889,20269,285476,31828,20269,285476,31828,"Admin",,
"2021-01-12","LTC","LTC","Long Term Care",156473,1291598,102585,137461,1240751,96780,17978,36308,5052,17978,36308,5052,"Admin",,
"2021-01-13","LTC","LTC","Long Term Care",159921,1451519,111873,138351,1379102,103126,20687,56995,7977,20687,56995,7977,"Admin",,
"2021-02-11","LTC","LTC","Long Term Care",160005,5734525,148483,59464,3883575,64279,99189,1808472,82854,99189,1808474,82854,"Admin",,
"2021-02-08","LTC","LTC","Long Term Care",161940,5242394,162828,68259,3695964,76705,92183,1508908,84857,92183,1508910,84856,"Admin",,
"2021-02-10","LTC","LTC","Long Term Care",162582,5574520,154779,58226,3824111,69515,102337,1709283,83980,102337,1709285,83979,"Admin",,
"2021-02-09","LTC","LTC","Long Term Care",169544,5411938,160117,69921,3765885,74437,98038,1606946,84414,98038,1606948,84413,"Admin",,
"2021-01-18","LTC","LTC","Long Term Care",170565,1990153,122146,114521,1835398,104587,55344,135941,16802,55344,135941,16801,"Admin",,
"2021-02-12","LTC","LTC","Long Term Care",171670,5906195,143200,81272,3964847,60727,89268,1897740,81190,89268,1897742,81190,"Admin",,
"2021-02-01","LTC","LTC","Long Term Care",174403,4102598,160629,79972,3159029,90174,93454,914912,69773,93454,914913,69773,"Admin",,
"2021-01-29","LTC","LTC","Long Term Care",177926,3764248,161566,108120,2982002,94920,69250,755360,65919,69250,755361,65919,"Admin",,
"2021-01-19","LTC","LTC","Long Term Care",180533,2170686,125584,116462,1951860,101587,63202,199143,23262,63202,199143,23262,"Admin",,
"2021-01-25","LTC","LTC","Long Term Care",184976,2978190,141148,107713,2527811,98916,76092,426500,41508,76092,426501,41508,"Admin",,
"2021-02-02","LTC","LTC","Long Term Care",188515,4291113,158251,85794,3244823,86216,101139,1016051,71260,101139,1016052,71260,"Admin",,
"2021-01-28","LTC","LTC","Long Term Care",190820,3586322,154306,112660,2873882,96337,77406,686110,57233,77406,686111,57233,"Admin",,
"2021-01-20","LTC","LTC","Long Term Care",191151,2361837,130045,124287,2076147,99578,66064,265207,29745,66064,265207,29744,"Admin",,
"2021-02-03","LTC","LTC","Long Term Care",199948,4491061,156508,92685,3337508,82327,105374,1121425,73246,105374,1121426,73245,"Admin",,
"2021-02-04","LTC","LTC","Long Term Care",204080,4695141,158402,96116,3433624,79963,107067,1228492,77483,107067,1228493,77483,"Admin",,
"2021-01-26","LTC","LTC","Long Term Care",205161,3183351,144666,113497,2641308,98493,90728,517228,45441,90728,517229,45440,"Admin",,
"2021-02-05","LTC","LTC","Long Term Care",208653,4903794,162792,106134,3539758,79679,100919,1329411,82007,100919,1329412,82007,"Admin",,
"2021-01-27","LTC","LTC","Long Term Care",212151,3395502,147666,119914,2761222,97868,91476,608704,49071,91476,608705,49071,"Admin",,
